year,stage,match,team,ranking
2012,1,1,ヴィッセル神戸,1
2012,1,1,ＦＣ東京,2
2012,1,1,名古屋グランパス,2
2012,1,1,サンフレッチェ広島,2
2012,1,1,ベガルタ仙台,2
2012,1,1,川崎フロンターレ,2
2012,1,1,横浜Ｆ・マリノス,7
2012,1,1,柏レイソル,7
2012,1,1,コンサドーレ札幌,9
2012,1,1,ジュビロ磐田,9
2012,1,1,セレッソ大阪,9
2012,1,1,サガン鳥栖,9
2012,1,1,ガンバ大阪,13
2012,1,1,大宮アルディージャ,14
2012,1,1,浦和レッズ,14
2012,1,1,清水エスパルス,14
2012,1,1,アルビレックス新潟,14
2012,1,1,鹿島アントラーズ,14
2012,1,2,ベガルタ仙台,1
2012,1,2,ＦＣ東京,2
2012,1,2,ヴィッセル神戸,3
2012,1,2,川崎フロンターレ,4
2012,1,2,セレッソ大阪,5
2012,1,2,ジュビロ磐田,5
2012,1,2,大宮アルディージャ,7
2012,1,2,清水エスパルス,7
2012,1,2,浦和レッズ,9
2012,1,2,名古屋グランパス,10
2012,1,2,サンフレッチェ広島,11
2012,1,2,コンサドーレ札幌,12
2012,1,2,サガン鳥栖,12
2012,1,2,柏レイソル,14
2012,1,2,横浜Ｆ・マリノス,15
2012,1,2,アルビレックス新潟,16
2012,1,2,ガンバ大阪,16
2012,1,2,鹿島アントラーズ,18
2012,1,3,ベガルタ仙台,1
2012,1,3,ＦＣ東京,2
2012,1,3,ジュビロ磐田,3
2012,1,3,セレッソ大阪,4
2012,1,3,サンフレッチェ広島,5
2012,1,3,浦和レッズ,6
2012,1,3,名古屋グランパス,6
2012,1,3,川崎フロンターレ,8
2012,1,3,ヴィッセル神戸,9
2012,1,3,柏レイソル,10
2012,1,3,サガン鳥栖,11
2012,1,3,清水エスパルス,12
2012,1,3,大宮アルディージャ,13
2012,1,3,コンサドーレ札幌,14
2012,1,3,横浜Ｆ・マリノス,15
2012,1,3,アルビレックス新潟,16
2012,1,3,ガンバ大阪,16
2012,1,3,鹿島アントラーズ,18
2012,1,4,ベガルタ仙台,1
2012,1,4,ジュビロ磐田,2
2012,1,4,サンフレッチェ広島,3
2012,1,4,ＦＣ東京,4
2012,1,4,サガン鳥栖,5
2012,1,4,名古屋グランパス,6
2012,1,4,浦和レッズ,6
2012,1,4,川崎フロンターレ,6
2012,1,4,セレッソ大阪,9
2012,1,4,清水エスパルス,10
2012,1,4,ヴィッセル神戸,11
2012,1,4,大宮アルディージャ,12
2012,1,4,柏レイソル,13
2012,1,4,横浜Ｆ・マリノス,14
2012,1,4,アルビレックス新潟,15
2012,1,4,ガンバ大阪,15
2012,1,4,鹿島アントラーズ,17
2012,1,4,コンサドーレ札幌,18
2012,1,5,ベガルタ仙台,1
2012,1,5,サンフレッチェ広島,2
2012,1,5,ＦＣ東京,3
2012,1,5,ジュビロ磐田,4
2012,1,5,セレッソ大阪,5
2012,1,5,浦和レッズ,6
2012,1,5,名古屋グランパス,7
2012,1,5,清水エスパルス,8
2012,1,5,柏レイソル,9
2012,1,5,川崎フロンターレ,10
2012,1,5,サガン鳥栖,10
2012,1,5,ヴィッセル神戸,12
2012,1,5,大宮アルディージャ,13
2012,1,5,横浜Ｆ・マリノス,14
2012,1,5,アルビレックス新潟,15
2012,1,5,鹿島アントラーズ,16
2012,1,5,コンサドーレ札幌,17
2012,1,5,ガンバ大阪,18
2012,1,6,ベガルタ仙台,1
2012,1,6,名古屋グランパス,2
2012,1,6,浦和レッズ,3
2012,1,6,清水エスパルス,4
2012,1,6,ＦＣ東京,5
2012,1,6,サンフレッチェ広島,6
2012,1,6,ジュビロ磐田,7
2012,1,6,サガン鳥栖,8
2012,1,6,セレッソ大阪,9
2012,1,6,柏レイソル,10
2012,1,6,川崎フロンターレ,10
2012,1,6,ヴィッセル神戸,12
2012,1,6,アルビレックス新潟,13
2012,1,6,大宮アルディージャ,14
2012,1,6,ガンバ大阪,15
2012,1,6,鹿島アントラーズ,16
2012,1,6,横浜Ｆ・マリノス,17
2012,1,6,コンサドーレ札幌,18
2012,1,7,ベガルタ仙台,1
2012,1,7,ジュビロ磐田,2
2012,1,7,名古屋グランパス,3
2012,1,7,サガン鳥栖,4
2012,1,7,サンフレッチェ広島,5
2012,1,7,浦和レッズ,6
2012,1,7,清水エスパルス,7
2012,1,7,ＦＣ東京,8
2012,1,7,川崎フロンターレ,9
2012,1,7,セレッソ大阪,10
2012,1,7,ヴィッセル神戸,11
2012,1,7,大宮アルディージャ,12
2012,1,7,ガンバ大阪,13
2012,1,7,鹿島アントラーズ,14
2012,1,7,柏レイソル,15
2012,1,7,アルビレックス新潟,16
2012,1,7,横浜Ｆ・マリノス,17
2012,1,7,コンサドーレ札幌,18
2012,1,8,ベガルタ仙台,1
2012,1,8,サンフレッチェ広島,2
2012,1,8,浦和レッズ,3
2012,1,8,清水エスパルス,4
2012,1,8,サガン鳥栖,5
2012,1,8,ジュビロ磐田,6
2012,1,8,名古屋グランパス,7
2012,1,8,セレッソ大阪,8
2012,1,8,ＦＣ東京,9
2012,1,8,大宮アルディージャ,10
2012,1,8,鹿島アントラーズ,11
2012,1,8,川崎フロンターレ,12
2012,1,8,ヴィッセル神戸,13
2012,1,8,柏レイソル,14
2012,1,8,横浜Ｆ・マリノス,15
2012,1,8,ガンバ大阪,16
2012,1,8,アルビレックス新潟,17
2012,1,8,コンサドーレ札幌,18
2012,1,9,ベガルタ仙台,1
2012,1,9,清水エスパルス,2
2012,1,9,浦和レッズ,3
2012,1,9,サンフレッチェ広島,4
2012,1,9,名古屋グランパス,5
2012,1,9,サガン鳥栖,6
2012,1,9,ジュビロ磐田,7
2012,1,9,川崎フロンターレ,8
2012,1,9,セレッソ大阪,9
2012,1,9,ヴィッセル神戸,10
2012,1,9,ＦＣ東京,11
2012,1,9,柏レイソル,12
2012,1,9,大宮アルディージャ,13
2012,1,9,横浜Ｆ・マリノス,14
2012,1,9,鹿島アントラーズ,15
2012,1,9,アルビレックス新潟,16
2012,1,9,ガンバ大阪,17
2012,1,9,コンサドーレ札幌,18
2012,1,10,ベガルタ仙台,1
2012,1,10,清水エスパルス,2
2012,1,10,サンフレッチェ広島,3
2012,1,10,浦和レッズ,4
2012,1,10,川崎フロンターレ,5
2012,1,10,サガン鳥栖,6
2012,1,10,ＦＣ東京,7
2012,1,10,ヴィッセル神戸,8
2012,1,10,ジュビロ磐田,9
2012,1,10,名古屋グランパス,10
2012,1,10,大宮アルディージャ,11
2012,1,10,横浜Ｆ・マリノス,12
2012,1,10,セレッソ大阪,13
2012,1,10,鹿島アントラーズ,14
2012,1,10,柏レイソル,15
2012,1,10,ガンバ大阪,16
2012,1,10,アルビレックス新潟,17
2012,1,10,コンサドーレ札幌,18
2012,1,11,ベガルタ仙台,1
2012,1,11,清水エスパルス,2
2012,1,11,サンフレッチェ広島,3
2012,1,11,ジュビロ磐田,4
2012,1,11,名古屋グランパス,5
2012,1,11,ＦＣ東京,5
2012,1,11,浦和レッズ,7
2012,1,11,サガン鳥栖,8
2012,1,11,横浜Ｆ・マリノス,9
2012,1,11,川崎フロンターレ,10
2012,1,11,大宮アルディージャ,11
2012,1,11,ヴィッセル神戸,12
2012,1,11,柏レイソル,13
2012,1,11,セレッソ大阪,14
2012,1,11,鹿島アントラーズ,15
2012,1,11,アルビレックス新潟,16
2012,1,11,ガンバ大阪,16
2012,1,11,コンサドーレ札幌,18
2012,1,12,ベガルタ仙台,1
2012,1,12,サンフレッチェ広島,2
2012,1,12,清水エスパルス,3
2012,1,12,ジュビロ磐田,4
2012,1,12,ＦＣ東京,5
2012,1,12,浦和レッズ,6
2012,1,12,川崎フロンターレ,7
2012,1,12,名古屋グランパス,8
2012,1,12,柏レイソル,9
2012,1,12,横浜Ｆ・マリノス,10
2012,1,12,サガン鳥栖,11
2012,1,12,ヴィッセル神戸,12
2012,1,12,大宮アルディージャ,13
2012,1,12,鹿島アントラーズ,14
2012,1,12,セレッソ大阪,15
2012,1,12,ガンバ大阪,16
2012,1,12,アルビレックス新潟,17
2012,1,12,コンサドーレ札幌,18
2012,1,13,ベガルタ仙台,1
2012,1,13,サンフレッチェ広島,2
2012,1,13,ジュビロ磐田,3
2012,1,13,清水エスパルス,4
2012,1,13,川崎フロンターレ,5
2012,1,13,ＦＣ東京,6
2012,1,13,浦和レッズ,6
2012,1,13,柏レイソル,8
2012,1,13,サガン鳥栖,9
2012,1,13,横浜Ｆ・マリノス,10
2012,1,13,名古屋グランパス,11
2012,1,13,鹿島アントラーズ,12
2012,1,13,セレッソ大阪,13
2012,1,13,ヴィッセル神戸,14
2012,1,13,大宮アルディージャ,15
2012,1,13,ガンバ大阪,16
2012,1,13,アルビレックス新潟,17
2012,1,13,コンサドーレ札幌,18
2012,1,14,ベガルタ仙台,1
2012,1,14,サンフレッチェ広島,2
2012,1,14,浦和レッズ,3
2012,1,14,川崎フロンターレ,4
2012,1,14,ジュビロ磐田,5
2012,1,14,柏レイソル,6
2012,1,14,清水エスパルス,7
2012,1,14,ＦＣ東京,8
2012,1,14,名古屋グランパス,9
2012,1,14,横浜Ｆ・マリノス,10
2012,1,14,サガン鳥栖,11
2012,1,14,ヴィッセル神戸,12
2012,1,14,鹿島アントラーズ,13
2012,1,14,セレッソ大阪,14
2012,1,14,大宮アルディージャ,15
2012,1,14,アルビレックス新潟,16
2012,1,14,ガンバ大阪,17
2012,1,14,コンサドーレ札幌,18
2012,1,15,ベガルタ仙台,1
2012,1,15,サンフレッチェ広島,2
2012,1,15,川崎フロンターレ,3
2012,1,15,浦和レッズ,3
2012,1,15,ＦＣ東京,5
2012,1,15,名古屋グランパス,6
2012,1,15,柏レイソル,7
2012,1,15,清水エスパルス,7
2012,1,15,ジュビロ磐田,9
2012,1,15,横浜Ｆ・マリノス,10
2012,1,15,ヴィッセル神戸,11
2012,1,15,サガン鳥栖,12
2012,1,15,鹿島アントラーズ,13
2012,1,15,セレッソ大阪,14
2012,1,15,大宮アルディージャ,15
2012,1,15,ガンバ大阪,16
2012,1,15,アルビレックス新潟,17
2012,1,15,コンサドーレ札幌,18
2012,1,16,ベガルタ仙台,1
2012,1,16,サンフレッチェ広島,2
2012,1,16,柏レイソル,3
2012,1,16,ジュビロ磐田,4
2012,1,16,浦和レッズ,5
2012,1,16,川崎フロンターレ,6
2012,1,16,名古屋グランパス,7
2012,1,16,ＦＣ東京,8
2012,1,16,ヴィッセル神戸,9
2012,1,16,サガン鳥栖,9
2012,1,16,清水エスパルス,11
2012,1,16,横浜Ｆ・マリノス,12
2012,1,16,大宮アルディージャ,13
2012,1,16,鹿島アントラーズ,14
2012,1,16,セレッソ大阪,15
2012,1,16,アルビレックス新潟,16
2012,1,16,ガンバ大阪,17
2012,1,16,コンサドーレ札幌,18
2012,1,17,ベガルタ仙台,1
2012,1,17,サンフレッチェ広島,2
2012,1,17,浦和レッズ,3
2012,1,17,ＦＣ東京,4
2012,1,17,名古屋グランパス,5
2012,1,17,川崎フロンターレ,6
2012,1,17,柏レイソル,7
2012,1,17,ジュビロ磐田,8
2012,1,17,清水エスパルス,9
2012,1,17,横浜Ｆ・マリノス,10
2012,1,17,サガン鳥栖,11
2012,1,17,ヴィッセル神戸,12
2012,1,17,鹿島アントラーズ,13
2012,1,17,セレッソ大阪,14
2012,1,17,大宮アルディージャ,15
2012,1,17,アルビレックス新潟,16
2012,1,17,ガンバ大阪,17
2012,1,17,コンサドーレ札幌,18
2012,1,18,サンフレッチェ広島,1
2012,1,18,ベガルタ仙台,2
2012,1,18,浦和レッズ,3
2012,1,18,ジュビロ磐田,4
2012,1,18,柏レイソル,5
2012,1,18,名古屋グランパス,6
2012,1,18,ＦＣ東京,7
2012,1,18,横浜Ｆ・マリノス,8
2012,1,18,サガン鳥栖,9
2012,1,18,川崎フロンターレ,10
2012,1,18,鹿島アントラーズ,11
2012,1,18,ヴィッセル神戸,12
2012,1,18,清水エスパルス,13
2012,1,18,大宮アルディージャ,14
2012,1,18,セレッソ大阪,15
2012,1,18,アルビレックス新潟,16
2012,1,18,ガンバ大阪,17
2012,1,18,コンサドーレ札幌,18
2012,1,19,サンフレッチェ広島,1
2012,1,19,ベガルタ仙台,2
2012,1,19,浦和レッズ,3
2012,1,19,柏レイソル,4
2012,1,19,川崎フロンターレ,5
2012,1,19,横浜Ｆ・マリノス,6
2012,1,19,ジュビロ磐田,7
2012,1,19,名古屋グランパス,8
2012,1,19,サガン鳥栖,9
2012,1,19,ＦＣ東京,10
2012,1,19,鹿島アントラーズ,11
2012,1,19,ヴィッセル神戸,12
2012,1,19,清水エスパルス,13
2012,1,19,アルビレックス新潟,14
2012,1,19,大宮アルディージャ,15
2012,1,19,セレッソ大阪,16
2012,1,19,ガンバ大阪,17
2012,1,19,コンサドーレ札幌,18
2012,1,20,ベガルタ仙台,1
2012,1,20,サンフレッチェ広島,2
2012,1,20,浦和レッズ,3
2012,1,20,柏レイソル,4
2012,1,20,名古屋グランパス,5
2012,1,20,サガン鳥栖,6
2012,1,20,ジュビロ磐田,7
2012,1,20,川崎フロンターレ,7
2012,1,20,横浜Ｆ・マリノス,7
2012,1,20,ＦＣ東京,10
2012,1,20,清水エスパルス,11
2012,1,20,鹿島アントラーズ,12
2012,1,20,ヴィッセル神戸,13
2012,1,20,セレッソ大阪,14
2012,1,20,アルビレックス新潟,15
2012,1,20,大宮アルディージャ,16
2012,1,20,ガンバ大阪,17
2012,1,20,コンサドーレ札幌,18
2012,1,21,サンフレッチェ広島,1
2012,1,21,ベガルタ仙台,2
2012,1,21,柏レイソル,3
2012,1,21,浦和レッズ,4
2012,1,21,横浜Ｆ・マリノス,5
2012,1,21,サガン鳥栖,6
2012,1,21,名古屋グランパス,7
2012,1,21,清水エスパルス,8
2012,1,21,ジュビロ磐田,9
2012,1,21,川崎フロンターレ,9
2012,1,21,ＦＣ東京,11
2012,1,21,鹿島アントラーズ,12
2012,1,21,ヴィッセル神戸,13
2012,1,21,セレッソ大阪,14
2012,1,21,アルビレックス新潟,15
2012,1,21,大宮アルディージャ,16
2012,1,21,ガンバ大阪,17
2012,1,21,コンサドーレ札幌,18
2012,1,22,サンフレッチェ広島,1
2012,1,22,ベガルタ仙台,2
2012,1,22,浦和レッズ,3
2012,1,22,柏レイソル,4
2012,1,22,横浜Ｆ・マリノス,5
2012,1,22,ジュビロ磐田,6
2012,1,22,清水エスパルス,7
2012,1,22,サガン鳥栖,8
2012,1,22,ヴィッセル神戸,9
2012,1,22,川崎フロンターレ,10
2012,1,22,名古屋グランパス,11
2012,1,22,ＦＣ東京,12
2012,1,22,鹿島アントラーズ,13
2012,1,22,大宮アルディージャ,14
2012,1,22,セレッソ大阪,15
2012,1,22,ガンバ大阪,16
2012,1,22,アルビレックス新潟,17
2012,1,22,コンサドーレ札幌,18
2012,1,23,サンフレッチェ広島,1
2012,1,23,ベガルタ仙台,2
2012,1,23,浦和レッズ,3
2012,1,23,ジュビロ磐田,4
2012,1,23,柏レイソル,5
2012,1,23,名古屋グランパス,6
2012,1,23,サガン鳥栖,7
2012,1,23,横浜Ｆ・マリノス,8
2012,1,23,清水エスパルス,9
2012,1,23,ＦＣ東京,10
2012,1,23,ヴィッセル神戸,11
2012,1,23,川崎フロンターレ,12
2012,1,23,鹿島アントラーズ,13
2012,1,23,セレッソ大阪,14
2012,1,23,ガンバ大阪,15
2012,1,23,アルビレックス新潟,16
2012,1,23,大宮アルディージャ,17
2012,1,23,コンサドーレ札幌,18
2012,1,24,ベガルタ仙台,1
2012,1,24,サンフレッチェ広島,2
2012,1,24,浦和レッズ,3
2012,1,24,サガン鳥栖,4
2012,1,24,名古屋グランパス,5
2012,1,24,ジュビロ磐田,6
2012,1,24,清水エスパルス,7
2012,1,24,ＦＣ東京,8
2012,1,24,柏レイソル,9
2012,1,24,横浜Ｆ・マリノス,10
2012,1,24,ヴィッセル神戸,11
2012,1,24,鹿島アントラーズ,12
2012,1,24,川崎フロンターレ,13
2012,1,24,セレッソ大阪,14
2012,1,24,大宮アルディージャ,15
2012,1,24,アルビレックス新潟,16
2012,1,24,ガンバ大阪,17
2012,1,24,コンサドーレ札幌,18
2012,1,25,サンフレッチェ広島,1
2012,1,25,浦和レッズ,2
2012,1,25,ベガルタ仙台,3
2012,1,25,名古屋グランパス,4
2012,1,25,ジュビロ磐田,5
2012,1,25,柏レイソル,6
2012,1,25,清水エスパルス,7
2012,1,25,サガン鳥栖,8
2012,1,25,ＦＣ東京,9
2012,1,25,横浜Ｆ・マリノス,10
2012,1,25,川崎フロンターレ,11
2012,1,25,鹿島アントラーズ,11
2012,1,25,ヴィッセル神戸,13
2012,1,25,セレッソ大阪,14
2012,1,25,大宮アルディージャ,15
2012,1,25,アルビレックス新潟,16
2012,1,25,ガンバ大阪,16
2012,1,25,コンサドーレ札幌,18
2012,1,26,サンフレッチェ広島,1
2012,1,26,ベガルタ仙台,2
2012,1,26,浦和レッズ,3
2012,1,26,ジュビロ磐田,4
2012,1,26,サガン鳥栖,5
2012,1,26,名古屋グランパス,6
2012,1,26,柏レイソル,7
2012,1,26,横浜Ｆ・マリノス,8
2012,1,26,清水エスパルス,9
2012,1,26,ＦＣ東京,10
2012,1,26,川崎フロンターレ,11
2012,1,26,鹿島アントラーズ,12
2012,1,26,ヴィッセル神戸,12
2012,1,26,セレッソ大阪,14
2012,1,26,大宮アルディージャ,15
2012,1,26,ガンバ大阪,16
2012,1,26,アルビレックス新潟,17
2012,1,26,コンサドーレ札幌,18
2012,1,27,サンフレッチェ広島,1
2012,1,27,浦和レッズ,2
2012,1,27,ベガルタ仙台,3
2012,1,27,ジュビロ磐田,4
2012,1,27,清水エスパルス,5
2012,1,27,サガン鳥栖,6
2012,1,27,名古屋グランパス,7
2012,1,27,ＦＣ東京,8
2012,1,27,川崎フロンターレ,9
2012,1,27,横浜Ｆ・マリノス,10
2012,1,27,柏レイソル,11
2012,1,27,セレッソ大阪,12
2012,1,27,鹿島アントラーズ,13
2012,1,27,ヴィッセル神戸,14
2012,1,27,大宮アルディージャ,15
2012,1,27,アルビレックス新潟,16
2012,1,27,ガンバ大阪,17
2012,1,27,コンサドーレ札幌,18
2012,1,28,サンフレッチェ広島,1
2012,1,28,ベガルタ仙台,2
2012,1,28,浦和レッズ,3
2012,1,28,清水エスパルス,4
2012,1,28,柏レイソル,5
2012,1,28,名古屋グランパス,6
2012,1,28,ジュビロ磐田,7
2012,1,28,サガン鳥栖,8
2012,1,28,横浜Ｆ・マリノス,9
2012,1,28,ＦＣ東京,10
2012,1,28,川崎フロンターレ,11
2012,1,28,セレッソ大阪,12
2012,1,28,鹿島アントラーズ,13
2012,1,28,ヴィッセル神戸,14
2012,1,28,大宮アルディージャ,15
2012,1,28,アルビレックス新潟,16
2012,1,28,ガンバ大阪,17
2012,1,28,コンサドーレ札幌,18
2012,1,29,ベガルタ仙台,1
2012,1,29,サンフレッチェ広島,2
2012,1,29,浦和レッズ,3
2012,1,29,名古屋グランパス,4
2012,1,29,柏レイソル,5
2012,1,29,清水エスパルス,6
2012,1,29,横浜Ｆ・マリノス,7
2012,1,29,ジュビロ磐田,8
2012,1,29,ＦＣ東京,9
2012,1,29,サガン鳥栖,10
2012,1,29,セレッソ大阪,11
2012,1,29,川崎フロンターレ,12
2012,1,29,鹿島アントラーズ,13
2012,1,29,ヴィッセル神戸,14
2012,1,29,大宮アルディージャ,15
2012,1,29,ガンバ大阪,16
2012,1,29,アルビレックス新潟,17
2012,1,29,コンサドーレ札幌,18
2012,1,30,サンフレッチェ広島,1
2012,1,30,ベガルタ仙台,1
2012,1,30,浦和レッズ,3
2012,1,30,清水エスパルス,4
2012,1,30,名古屋グランパス,5
2012,1,30,柏レイソル,6
2012,1,30,ＦＣ東京,7
2012,1,30,サガン鳥栖,8
2012,1,30,横浜Ｆ・マリノス,9
2012,1,30,ジュビロ磐田,10
2012,1,30,川崎フロンターレ,11
2012,1,30,セレッソ大阪,12
2012,1,30,鹿島アントラーズ,13
2012,1,30,大宮アルディージャ,14
2012,1,30,ヴィッセル神戸,15
2012,1,30,ガンバ大阪,16
2012,1,30,アルビレックス新潟,17
2012,1,30,コンサドーレ札幌,18
2012,1,31,サンフレッチェ広島,1
2012,1,31,ベガルタ仙台,2
2012,1,31,名古屋グランパス,3
2012,1,31,浦和レッズ,4
2012,1,31,清水エスパルス,5
2012,1,31,サガン鳥栖,6
2012,1,31,横浜Ｆ・マリノス,7
2012,1,31,柏レイソル,8
2012,1,31,ＦＣ東京,9
2012,1,31,川崎フロンターレ,10
2012,1,31,ジュビロ磐田,11
2012,1,31,セレッソ大阪,12
2012,1,31,鹿島アントラーズ,13
2012,1,31,大宮アルディージャ,14
2012,1,31,ヴィッセル神戸,15
2012,1,31,アルビレックス新潟,16
2012,1,31,ガンバ大阪,17
2012,1,31,コンサドーレ札幌,18
2012,1,32,サンフレッチェ広島,1
2012,1,32,ベガルタ仙台,2
2012,1,32,名古屋グランパス,3
2012,1,32,浦和レッズ,3
2012,1,32,サガン鳥栖,5
2012,1,32,柏レイソル,6
2012,1,32,清水エスパルス,7
2012,1,32,横浜Ｆ・マリノス,8
2012,1,32,川崎フロンターレ,9
2012,1,32,ＦＣ東京,10
2012,1,32,ジュビロ磐田,11
2012,1,32,セレッソ大阪,12
2012,1,32,大宮アルディージャ,13
2012,1,32,鹿島アントラーズ,14
2012,1,32,ヴィッセル神戸,15
2012,1,32,ガンバ大阪,16
2012,1,32,アルビレックス新潟,17
2012,1,32,コンサドーレ札幌,18
2012,1,33,サンフレッチェ広島,1
2012,1,33,ベガルタ仙台,2
2012,1,33,サガン鳥栖,3
2012,1,33,柏レイソル,4
2012,1,33,名古屋グランパス,5
2012,1,33,浦和レッズ,6
2012,1,33,横浜Ｆ・マリノス,7
2012,1,33,川崎フロンターレ,8
2012,1,33,清水エスパルス,9
2012,1,33,ＦＣ東京,10
2012,1,33,大宮アルディージャ,11
2012,1,33,鹿島アントラーズ,12
2012,1,33,ジュビロ磐田,13
2012,1,33,セレッソ大阪,14
2012,1,33,ヴィッセル神戸,15
2012,1,33,ガンバ大阪,16
2012,1,33,アルビレックス新潟,17
2012,1,33,コンサドーレ札幌,18
2012,1,34,サンフレッチェ広島,1
2012,1,34,ベガルタ仙台,2
2012,1,34,浦和レッズ,3
2012,1,34,横浜Ｆ・マリノス,4
2012,1,34,サガン鳥栖,5
2012,1,34,名古屋グランパス,6
2012,1,34,柏レイソル,6
2012,1,34,川崎フロンターレ,8
2012,1,34,清水エスパルス,9
2012,1,34,ＦＣ東京,10
2012,1,34,鹿島アントラーズ,11
2012,1,34,ジュビロ磐田,12
2012,1,34,大宮アルディージャ,13
2012,1,34,セレッソ大阪,14
2012,1,34,アルビレックス新潟,15
2012,1,34,ヴィッセル神戸,16
2012,1,34,ガンバ大阪,17
2012,1,34,コンサドーレ札幌,18
2012,2,1,愛媛ＦＣ,1
2012,2,1,東京ヴェルディ,1
2012,2,1,ジェフユナイテッド千葉,1
2012,2,1,ザスパ草津,4
2012,2,1,アビスパ福岡,5
2012,2,1,水戸ホーリーホック,5
2012,2,1,ヴァンフォーレ甲府,5
2012,2,1,徳島ヴォルティス,5
2012,2,1,湘南ベルマーレ,5
2012,2,1,ＦＣ岐阜,10
2012,2,1,ガイナーレ鳥取,10
2012,2,1,ファジアーノ岡山,12
2012,2,1,カターレ富山,12
2012,2,1,大分トリニータ,14
2012,2,1,京都サンガF.C.,15
2012,2,1,横浜ＦＣ,15
2012,2,1,栃木ＳＣ,15
2012,2,1,ロアッソ熊本,15
2012,2,1,ギラヴァンツ北九州,15
2012,2,1,ＦＣ町田ゼルビア,20
2012,2,1,松本山雅ＦＣ,20
2012,2,1,モンテディオ山形,20
2012,2,2,徳島ヴォルティス,1
2012,2,2,湘南ベルマーレ,2
2012,2,2,ヴァンフォーレ甲府,2
2012,2,2,水戸ホーリーホック,4
2012,2,2,アビスパ福岡,4
2012,2,2,愛媛ＦＣ,6
2012,2,2,大分トリニータ,7
2012,2,2,京都サンガF.C.,8
2012,2,2,ロアッソ熊本,9
2012,2,2,モンテディオ山形,9
2012,2,2,ザスパ草津,11
2012,2,2,東京ヴェルディ,11
2012,2,2,ジェフユナイテッド千葉,13
2012,2,2,ファジアーノ岡山,14
2012,2,2,ギラヴァンツ北九州,15
2012,2,2,横浜ＦＣ,15
2012,2,2,ガイナーレ鳥取,17
2012,2,2,カターレ富山,18
2012,2,2,ＦＣ岐阜,19
2012,2,2,松本山雅ＦＣ,20
2012,2,2,ＦＣ町田ゼルビア,21
2012,2,2,栃木ＳＣ,22
2012,2,3,水戸ホーリーホック,1
2012,2,3,湘南ベルマーレ,2
2012,2,3,ヴァンフォーレ甲府,3
2012,2,3,東京ヴェルディ,4
2012,2,3,ジェフユナイテッド千葉,5
2012,2,3,京都サンガF.C.,6
2012,2,3,モンテディオ山形,7
2012,2,3,徳島ヴォルティス,8
2012,2,3,アビスパ福岡,9
2012,2,3,ザスパ草津,10
2012,2,3,愛媛ＦＣ,11
2012,2,3,ＦＣ町田ゼルビア,12
2012,2,3,松本山雅ＦＣ,13
2012,2,3,栃木ＳＣ,13
2012,2,3,大分トリニータ,15
2012,2,3,ロアッソ熊本,16
2012,2,3,ＦＣ岐阜,17
2012,2,3,ファジアーノ岡山,18
2012,2,3,ギラヴァンツ北九州,19
2012,2,3,カターレ富山,20
2012,2,3,ガイナーレ鳥取,21
2012,2,3,横浜ＦＣ,21
2012,2,4,湘南ベルマーレ,1
2012,2,4,モンテディオ山形,2
2012,2,4,ヴァンフォーレ甲府,3
2012,2,4,水戸ホーリーホック,4
2012,2,4,愛媛ＦＣ,5
2012,2,4,ジェフユナイテッド千葉,6
2012,2,4,アビスパ福岡,6
2012,2,4,徳島ヴォルティス,6
2012,2,4,東京ヴェルディ,6
2012,2,4,ＦＣ町田ゼルビア,10
2012,2,4,大分トリニータ,10
2012,2,4,京都サンガF.C.,12
2012,2,4,ザスパ草津,13
2012,2,4,ガイナーレ鳥取,14
2012,2,4,ギラヴァンツ北九州,15
2012,2,4,栃木ＳＣ,16
2012,2,4,ロアッソ熊本,17
2012,2,4,松本山雅ＦＣ,18
2012,2,4,カターレ富山,19
2012,2,4,横浜ＦＣ,19
2012,2,4,ＦＣ岐阜,21
2012,2,4,ファジアーノ岡山,22
2012,2,5,湘南ベルマーレ,1
2012,2,5,ヴァンフォーレ甲府,2
2012,2,5,アビスパ福岡,3
2012,2,5,ジェフユナイテッド千葉,4
2012,2,5,東京ヴェルディ,5
2012,2,5,水戸ホーリーホック,6
2012,2,5,大分トリニータ,7
2012,2,5,京都サンガF.C.,8
2012,2,5,モンテディオ山形,9
2012,2,5,愛媛ＦＣ,10
2012,2,5,ギラヴァンツ北九州,11
2012,2,5,徳島ヴォルティス,12
2012,2,5,ＦＣ町田ゼルビア,13
2012,2,5,ファジアーノ岡山,14
2012,2,5,栃木ＳＣ,15
2012,2,5,ザスパ草津,16
2012,2,5,ロアッソ熊本,17
2012,2,5,松本山雅ＦＣ,18
2012,2,5,ガイナーレ鳥取,19
2012,2,5,カターレ富山,20
2012,2,5,横浜ＦＣ,21
2012,2,5,ＦＣ岐阜,21
2012,2,6,湘南ベルマーレ,1
2012,2,6,東京ヴェルディ,2
2012,2,6,京都サンガF.C.,3
2012,2,6,大分トリニータ,4
2012,2,6,ヴァンフォーレ甲府,5
2012,2,6,水戸ホーリーホック,6
2012,2,6,ギラヴァンツ北九州,7
2012,2,6,モンテディオ山形,8
2012,2,6,アビスパ福岡,9
2012,2,6,ジェフユナイテッド千葉,10
2012,2,6,ファジアーノ岡山,11
2012,2,6,栃木ＳＣ,11
2012,2,6,愛媛ＦＣ,13
2012,2,6,ロアッソ熊本,14
2012,2,6,徳島ヴォルティス,15
2012,2,6,ザスパ草津,16
2012,2,6,ＦＣ町田ゼルビア,17
2012,2,6,カターレ富山,18
2012,2,6,ガイナーレ鳥取,19
2012,2,6,松本山雅ＦＣ,20
2012,2,6,横浜ＦＣ,21
2012,2,6,ＦＣ岐阜,22
2012,2,7,湘南ベルマーレ,1
2012,2,7,東京ヴェルディ,2
2012,2,7,ヴァンフォーレ甲府,3
2012,2,7,京都サンガF.C.,3
2012,2,7,モンテディオ山形,5
2012,2,7,ギラヴァンツ北九州,6
2012,2,7,ジェフユナイテッド千葉,6
2012,2,7,大分トリニータ,8
2012,2,7,愛媛ＦＣ,9
2012,2,7,栃木ＳＣ,10
2012,2,7,ファジアーノ岡山,11
2012,2,7,水戸ホーリーホック,12
2012,2,7,アビスパ福岡,13
2012,2,7,ザスパ草津,14
2012,2,7,ロアッソ熊本,15
2012,2,7,徳島ヴォルティス,15
2012,2,7,ＦＣ町田ゼルビア,17
2012,2,7,カターレ富山,18
2012,2,7,松本山雅ＦＣ,19
2012,2,7,ガイナーレ鳥取,19
2012,2,7,横浜ＦＣ,21
2012,2,7,ＦＣ岐阜,22
2012,2,8,湘南ベルマーレ,1
2012,2,8,京都サンガF.C.,2
2012,2,8,モンテディオ山形,3
2012,2,8,ヴァンフォーレ甲府,4
2012,2,8,東京ヴェルディ,5
2012,2,8,栃木ＳＣ,6
2012,2,8,ジェフユナイテッド千葉,7
2012,2,8,大分トリニータ,8
2012,2,8,ギラヴァンツ北九州,9
2012,2,8,ザスパ草津,10
2012,2,8,水戸ホーリーホック,11
2012,2,8,ファジアーノ岡山,12
2012,2,8,アビスパ福岡,13
2012,2,8,愛媛ＦＣ,14
2012,2,8,徳島ヴォルティス,15
2012,2,8,松本山雅ＦＣ,16
2012,2,8,ロアッソ熊本,17
2012,2,8,ＦＣ町田ゼルビア,18
2012,2,8,ＦＣ岐阜,19
2012,2,8,ガイナーレ鳥取,20
2012,2,8,カターレ富山,21
2012,2,8,横浜ＦＣ,22
2012,2,9,湘南ベルマーレ,1
2012,2,9,モンテディオ山形,2
2012,2,9,京都サンガF.C.,3
2012,2,9,ヴァンフォーレ甲府,4
2012,2,9,大分トリニータ,5
2012,2,9,東京ヴェルディ,6
2012,2,9,ファジアーノ岡山,7
2012,2,9,水戸ホーリーホック,8
2012,2,9,栃木ＳＣ,9
2012,2,9,アビスパ福岡,10
2012,2,9,ジェフユナイテッド千葉,11
2012,2,9,ギラヴァンツ北九州,12
2012,2,9,愛媛ＦＣ,13
2012,2,9,ザスパ草津,14
2012,2,9,松本山雅ＦＣ,15
2012,2,9,ロアッソ熊本,16
2012,2,9,徳島ヴォルティス,17
2012,2,9,ＦＣ町田ゼルビア,18
2012,2,9,横浜ＦＣ,19
2012,2,9,ＦＣ岐阜,20
2012,2,9,カターレ富山,21
2012,2,9,ガイナーレ鳥取,22
2012,2,10,湘南ベルマーレ,1
2012,2,10,モンテディオ山形,2
2012,2,10,ヴァンフォーレ甲府,3
2012,2,10,東京ヴェルディ,4
2012,2,10,大分トリニータ,5
2012,2,10,水戸ホーリーホック,6
2012,2,10,京都サンガF.C.,7
2012,2,10,ギラヴァンツ北九州,8
2012,2,10,ファジアーノ岡山,9
2012,2,10,愛媛ＦＣ,10
2012,2,10,ジェフユナイテッド千葉,11
2012,2,10,栃木ＳＣ,12
2012,2,10,アビスパ福岡,13
2012,2,10,松本山雅ＦＣ,14
2012,2,10,ザスパ草津,15
2012,2,10,横浜ＦＣ,16
2012,2,10,ロアッソ熊本,17
2012,2,10,徳島ヴォルティス,18
2012,2,10,ＦＣ町田ゼルビア,19
2012,2,10,カターレ富山,20
2012,2,10,ＦＣ岐阜,21
2012,2,10,ガイナーレ鳥取,22
2012,2,11,モンテディオ山形,1
2012,2,11,湘南ベルマーレ,2
2012,2,11,水戸ホーリーホック,3
2012,2,11,ヴァンフォーレ甲府,4
2012,2,11,大分トリニータ,5
2012,2,11,ファジアーノ岡山,6
2012,2,11,京都サンガF.C.,7
2012,2,11,東京ヴェルディ,8
2012,2,11,ジェフユナイテッド千葉,9
2012,2,11,愛媛ＦＣ,9
2012,2,11,ギラヴァンツ北九州,11
2012,2,11,アビスパ福岡,12
2012,2,11,栃木ＳＣ,13
2012,2,11,松本山雅ＦＣ,14
2012,2,11,ザスパ草津,15
2012,2,11,ＦＣ町田ゼルビア,16
2012,2,11,ロアッソ熊本,17
2012,2,11,カターレ富山,18
2012,2,11,横浜ＦＣ,19
2012,2,11,ガイナーレ鳥取,20
2012,2,11,徳島ヴォルティス,21
2012,2,11,ＦＣ岐阜,22
2012,2,12,モンテディオ山形,1
2012,2,12,湘南ベルマーレ,2
2012,2,12,水戸ホーリーホック,3
2012,2,12,東京ヴェルディ,4
2012,2,12,ファジアーノ岡山,5
2012,2,12,京都サンガF.C.,5
2012,2,12,ヴァンフォーレ甲府,7
2012,2,12,ジェフユナイテッド千葉,8
2012,2,12,大分トリニータ,9
2012,2,12,ギラヴァンツ北九州,10
2012,2,12,愛媛ＦＣ,11
2012,2,12,アビスパ福岡,12
2012,2,12,栃木ＳＣ,13
2012,2,12,松本山雅ＦＣ,14
2012,2,12,ザスパ草津,15
2012,2,12,ガイナーレ鳥取,16
2012,2,12,徳島ヴォルティス,16
2012,2,12,ＦＣ町田ゼルビア,18
2012,2,12,ロアッソ熊本,19
2012,2,12,カターレ富山,20
2012,2,12,横浜ＦＣ,20
2012,2,12,ＦＣ岐阜,22
2012,2,13,モンテディオ山形,1
2012,2,13,湘南ベルマーレ,2
2012,2,13,京都サンガF.C.,3
2012,2,13,東京ヴェルディ,4
2012,2,13,大分トリニータ,5
2012,2,13,ジェフユナイテッド千葉,6
2012,2,13,水戸ホーリーホック,7
2012,2,13,ファジアーノ岡山,8
2012,2,13,ヴァンフォーレ甲府,9
2012,2,13,ギラヴァンツ北九州,10
2012,2,13,愛媛ＦＣ,11
2012,2,13,栃木ＳＣ,12
2012,2,13,アビスパ福岡,13
2012,2,13,松本山雅ＦＣ,14
2012,2,13,横浜ＦＣ,15
2012,2,13,徳島ヴォルティス,16
2012,2,13,ザスパ草津,17
2012,2,13,ＦＣ町田ゼルビア,18
2012,2,13,ロアッソ熊本,18
2012,2,13,ガイナーレ鳥取,20
2012,2,13,カターレ富山,21
2012,2,13,ＦＣ岐阜,22
2012,2,14,モンテディオ山形,1
2012,2,14,京都サンガF.C.,2
2012,2,14,湘南ベルマーレ,3
2012,2,14,ジェフユナイテッド千葉,4
2012,2,14,ファジアーノ岡山,5
2012,2,14,大分トリニータ,6
2012,2,14,東京ヴェルディ,7
2012,2,14,水戸ホーリーホック,8
2012,2,14,ヴァンフォーレ甲府,9
2012,2,14,栃木ＳＣ,10
2012,2,14,ギラヴァンツ北九州,11
2012,2,14,愛媛ＦＣ,11
2012,2,14,松本山雅ＦＣ,13
2012,2,14,アビスパ福岡,14
2012,2,14,横浜ＦＣ,15
2012,2,14,ガイナーレ鳥取,16
2012,2,14,ロアッソ熊本,17
2012,2,14,徳島ヴォルティス,18
2012,2,14,ザスパ草津,18
2012,2,14,ＦＣ町田ゼルビア,20
2012,2,14,カターレ富山,21
2012,2,14,ＦＣ岐阜,22
2012,2,15,モンテディオ山形,1
2012,2,15,京都サンガF.C.,2
2012,2,15,ジェフユナイテッド千葉,3
2012,2,15,湘南ベルマーレ,4
2012,2,15,東京ヴェルディ,5
2012,2,15,大分トリニータ,6
2012,2,15,ヴァンフォーレ甲府,7
2012,2,15,ファジアーノ岡山,8
2012,2,15,水戸ホーリーホック,9
2012,2,15,愛媛ＦＣ,10
2012,2,15,栃木ＳＣ,11
2012,2,15,アビスパ福岡,12
2012,2,15,ギラヴァンツ北九州,13
2012,2,15,横浜ＦＣ,14
2012,2,15,松本山雅ＦＣ,15
2012,2,15,徳島ヴォルティス,16
2012,2,15,ガイナーレ鳥取,17
2012,2,15,ザスパ草津,18
2012,2,15,ロアッソ熊本,19
2012,2,15,ＦＣ町田ゼルビア,20
2012,2,15,カターレ富山,21
2012,2,15,ＦＣ岐阜,22
2012,2,16,京都サンガF.C.,1
2012,2,16,ジェフユナイテッド千葉,2
2012,2,16,モンテディオ山形,3
2012,2,16,湘南ベルマーレ,4
2012,2,16,ヴァンフォーレ甲府,5
2012,2,16,東京ヴェルディ,6
2012,2,16,大分トリニータ,7
2012,2,16,ファジアーノ岡山,8
2012,2,16,栃木ＳＣ,9
2012,2,16,水戸ホーリーホック,10
2012,2,16,愛媛ＦＣ,11
2012,2,16,横浜ＦＣ,12
2012,2,16,アビスパ福岡,13
2012,2,16,ギラヴァンツ北九州,14
2012,2,16,松本山雅ＦＣ,15
2012,2,16,徳島ヴォルティス,16
2012,2,16,ロアッソ熊本,17
2012,2,16,ガイナーレ鳥取,18
2012,2,16,カターレ富山,19
2012,2,16,ザスパ草津,20
2012,2,16,ＦＣ町田ゼルビア,21
2012,2,16,ＦＣ岐阜,22
2012,2,17,モンテディオ山形,1
2012,2,17,京都サンガF.C.,2
2012,2,17,ジェフユナイテッド千葉,3
2012,2,17,東京ヴェルディ,4
2012,2,17,ヴァンフォーレ甲府,5
2012,2,17,湘南ベルマーレ,6
2012,2,17,水戸ホーリーホック,7
2012,2,17,大分トリニータ,8
2012,2,17,ファジアーノ岡山,9
2012,2,17,栃木ＳＣ,10
2012,2,17,横浜ＦＣ,11
2012,2,17,愛媛ＦＣ,12
2012,2,17,ギラヴァンツ北九州,13
2012,2,17,アビスパ福岡,14
2012,2,17,松本山雅ＦＣ,15
2012,2,17,徳島ヴォルティス,16
2012,2,17,ザスパ草津,17
2012,2,17,ロアッソ熊本,18
2012,2,17,カターレ富山,19
2012,2,17,ガイナーレ鳥取,20
2012,2,17,ＦＣ岐阜,21
2012,2,17,ＦＣ町田ゼルビア,22
2012,2,18,モンテディオ山形,1
2012,2,18,ジェフユナイテッド千葉,2
2012,2,18,京都サンガF.C.,3
2012,2,18,東京ヴェルディ,4
2012,2,18,湘南ベルマーレ,5
2012,2,18,大分トリニータ,6
2012,2,18,ファジアーノ岡山,7
2012,2,18,ヴァンフォーレ甲府,8
2012,2,18,水戸ホーリーホック,9
2012,2,18,横浜ＦＣ,10
2012,2,18,愛媛ＦＣ,11
2012,2,18,栃木ＳＣ,12
2012,2,18,アビスパ福岡,13
2012,2,18,ギラヴァンツ北九州,14
2012,2,18,松本山雅ＦＣ,15
2012,2,18,ザスパ草津,16
2012,2,18,徳島ヴォルティス,17
2012,2,18,ロアッソ熊本,18
2012,2,18,カターレ富山,19
2012,2,18,ガイナーレ鳥取,20
2012,2,18,ＦＣ岐阜,21
2012,2,18,ＦＣ町田ゼルビア,22
2012,2,19,ジェフユナイテッド千葉,1
2012,2,19,東京ヴェルディ,2
2012,2,19,モンテディオ山形,3
2012,2,19,湘南ベルマーレ,4
2012,2,19,京都サンガF.C.,5
2012,2,19,大分トリニータ,6
2012,2,19,ヴァンフォーレ甲府,7
2012,2,19,ファジアーノ岡山,8
2012,2,19,愛媛ＦＣ,9
2012,2,19,水戸ホーリーホック,10
2012,2,19,横浜ＦＣ,11
2012,2,19,栃木ＳＣ,12
2012,2,19,アビスパ福岡,13
2012,2,19,ギラヴァンツ北九州,14
2012,2,19,徳島ヴォルティス,15
2012,2,19,松本山雅ＦＣ,16
2012,2,19,ザスパ草津,17
2012,2,19,ロアッソ熊本,18
2012,2,19,カターレ富山,19
2012,2,19,ガイナーレ鳥取,20
2012,2,19,ＦＣ岐阜,21
2012,2,19,ＦＣ町田ゼルビア,22
2012,2,20,東京ヴェルディ,1
2012,2,20,湘南ベルマーレ,2
2012,2,20,ジェフユナイテッド千葉,3
2012,2,20,モンテディオ山形,4
2012,2,20,大分トリニータ,5
2012,2,20,ヴァンフォーレ甲府,6
2012,2,20,京都サンガF.C.,7
2012,2,20,ファジアーノ岡山,8
2012,2,20,横浜ＦＣ,9
2012,2,20,水戸ホーリーホック,10
2012,2,20,愛媛ＦＣ,11
2012,2,20,アビスパ福岡,12
2012,2,20,栃木ＳＣ,13
2012,2,20,徳島ヴォルティス,14
2012,2,20,ギラヴァンツ北九州,15
2012,2,20,松本山雅ＦＣ,16
2012,2,20,ザスパ草津,17
2012,2,20,ロアッソ熊本,18
2012,2,20,ＦＣ岐阜,19
2012,2,20,ガイナーレ鳥取,20
2012,2,20,カターレ富山,21
2012,2,20,ＦＣ町田ゼルビア,22
2012,2,21,モンテディオ山形,1
2012,2,21,大分トリニータ,2
2012,2,21,ジェフユナイテッド千葉,3
2012,2,21,湘南ベルマーレ,3
2012,2,21,東京ヴェルディ,5
2012,2,21,ヴァンフォーレ甲府,6
2012,2,21,京都サンガF.C.,7
2012,2,21,ファジアーノ岡山,8
2012,2,21,水戸ホーリーホック,9
2012,2,21,愛媛ＦＣ,9
2012,2,21,横浜ＦＣ,11
2012,2,21,栃木ＳＣ,12
2012,2,21,アビスパ福岡,13
2012,2,21,徳島ヴォルティス,14
2012,2,21,ギラヴァンツ北九州,15
2012,2,21,松本山雅ＦＣ,16
2012,2,21,ロアッソ熊本,17
2012,2,21,ザスパ草津,18
2012,2,21,ガイナーレ鳥取,19
2012,2,21,ＦＣ岐阜,20
2012,2,21,カターレ富山,21
2012,2,21,ＦＣ町田ゼルビア,22
2012,2,22,東京ヴェルディ,1
2012,2,22,大分トリニータ,2
2012,2,22,湘南ベルマーレ,2
2012,2,22,モンテディオ山形,4
2012,2,22,ジェフユナイテッド千葉,5
2012,2,22,ヴァンフォーレ甲府,6
2012,2,22,京都サンガF.C.,7
2012,2,22,ファジアーノ岡山,8
2012,2,22,横浜ＦＣ,9
2012,2,22,栃木ＳＣ,10
2012,2,22,愛媛ＦＣ,11
2012,2,22,水戸ホーリーホック,12
2012,2,22,アビスパ福岡,13
2012,2,22,ギラヴァンツ北九州,14
2012,2,22,ロアッソ熊本,15
2012,2,22,徳島ヴォルティス,16
2012,2,22,松本山雅ＦＣ,17
2012,2,22,ザスパ草津,18
2012,2,22,ＦＣ岐阜,19
2012,2,22,ガイナーレ鳥取,20
2012,2,22,カターレ富山,21
2012,2,22,ＦＣ町田ゼルビア,22
2012,2,23,大分トリニータ,1
2012,2,23,ジェフユナイテッド千葉,2
2012,2,23,東京ヴェルディ,3
2012,2,23,モンテディオ山形,4
2012,2,23,湘南ベルマーレ,4
2012,2,23,ヴァンフォーレ甲府,6
2012,2,23,横浜ＦＣ,7
2012,2,23,京都サンガF.C.,8
2012,2,23,栃木ＳＣ,9
2012,2,23,ファジアーノ岡山,10
2012,2,23,水戸ホーリーホック,11
2012,2,23,ギラヴァンツ北九州,12
2012,2,23,愛媛ＦＣ,13
2012,2,23,アビスパ福岡,14
2012,2,23,徳島ヴォルティス,15
2012,2,23,ロアッソ熊本,16
2012,2,23,松本山雅ＦＣ,17
2012,2,23,ザスパ草津,18
2012,2,23,ＦＣ岐阜,19
2012,2,23,ガイナーレ鳥取,20
2012,2,23,カターレ富山,21
2012,2,23,ＦＣ町田ゼルビア,22
2012,2,24,ジェフユナイテッド千葉,1
2012,2,24,東京ヴェルディ,1
2012,2,24,湘南ベルマーレ,3
2012,2,24,モンテディオ山形,4
2012,2,24,ヴァンフォーレ甲府,5
2012,2,24,大分トリニータ,6
2012,2,24,京都サンガF.C.,7
2012,2,24,栃木ＳＣ,8
2012,2,24,横浜ＦＣ,9
2012,2,24,ファジアーノ岡山,10
2012,2,24,水戸ホーリーホック,11
2012,2,24,愛媛ＦＣ,12
2012,2,24,ギラヴァンツ北九州,13
2012,2,24,徳島ヴォルティス,14
2012,2,24,アビスパ福岡,15
2012,2,24,ロアッソ熊本,16
2012,2,24,松本山雅ＦＣ,17
2012,2,24,ザスパ草津,18
2012,2,24,ＦＣ岐阜,19
2012,2,24,カターレ富山,20
2012,2,24,ガイナーレ鳥取,21
2012,2,24,ＦＣ町田ゼルビア,22
2012,2,25,東京ヴェルディ,1
2012,2,25,ヴァンフォーレ甲府,2
2012,2,25,モンテディオ山形,3
2012,2,25,湘南ベルマーレ,3
2012,2,25,ジェフユナイテッド千葉,5
2012,2,25,大分トリニータ,6
2012,2,25,京都サンガF.C.,7
2012,2,25,栃木ＳＣ,8
2012,2,25,横浜ＦＣ,9
2012,2,25,水戸ホーリーホック,10
2012,2,25,ファジアーノ岡山,11
2012,2,25,ギラヴァンツ北九州,12
2012,2,25,愛媛ＦＣ,13
2012,2,25,松本山雅ＦＣ,14
2012,2,25,徳島ヴォルティス,15
2012,2,25,アビスパ福岡,16
2012,2,25,ロアッソ熊本,17
2012,2,25,ザスパ草津,18
2012,2,25,ＦＣ岐阜,19
2012,2,25,カターレ富山,20
2012,2,25,ガイナーレ鳥取,21
2012,2,25,ＦＣ町田ゼルビア,22
2012,2,26,ヴァンフォーレ甲府,1
2012,2,26,湘南ベルマーレ,2
2012,2,26,ジェフユナイテッド千葉,2
2012,2,26,東京ヴェルディ,4
2012,2,26,大分トリニータ,5
2012,2,26,モンテディオ山形,6
2012,2,26,京都サンガF.C.,7
2012,2,26,栃木ＳＣ,8
2012,2,26,横浜ＦＣ,9
2012,2,26,水戸ホーリーホック,10
2012,2,26,ファジアーノ岡山,10
2012,2,26,徳島ヴォルティス,12
2012,2,26,松本山雅ＦＣ,13
2012,2,26,愛媛ＦＣ,14
2012,2,26,ギラヴァンツ北九州,15
2012,2,26,ザスパ草津,16
2012,2,26,アビスパ福岡,17
2012,2,26,ロアッソ熊本,18
2012,2,26,ガイナーレ鳥取,19
2012,2,26,ＦＣ岐阜,20
2012,2,26,カターレ富山,21
2012,2,26,ＦＣ町田ゼルビア,22
2012,2,27,ヴァンフォーレ甲府,1
2012,2,27,東京ヴェルディ,2
2012,2,27,大分トリニータ,3
2012,2,27,ジェフユナイテッド千葉,4
2012,2,27,京都サンガF.C.,5
2012,2,27,湘南ベルマーレ,6
2012,2,27,モンテディオ山形,7
2012,2,27,栃木ＳＣ,8
2012,2,27,横浜ＦＣ,9
2012,2,27,ファジアーノ岡山,10
2012,2,27,水戸ホーリーホック,11
2012,2,27,徳島ヴォルティス,12
2012,2,27,アビスパ福岡,13
2012,2,27,松本山雅ＦＣ,14
2012,2,27,愛媛ＦＣ,14
2012,2,27,ギラヴァンツ北九州,14
2012,2,27,ザスパ草津,17
2012,2,27,ロアッソ熊本,18
2012,2,27,ガイナーレ鳥取,19
2012,2,27,ＦＣ岐阜,20
2012,2,27,カターレ富山,21
2012,2,27,ＦＣ町田ゼルビア,22
2012,2,28,ヴァンフォーレ甲府,1
2012,2,28,湘南ベルマーレ,2
2012,2,28,京都サンガF.C.,3
2012,2,28,東京ヴェルディ,4
2012,2,28,大分トリニータ,5
2012,2,28,ジェフユナイテッド千葉,6
2012,2,28,モンテディオ山形,7
2012,2,28,横浜ＦＣ,8
2012,2,28,栃木ＳＣ,9
2012,2,28,ファジアーノ岡山,10
2012,2,28,徳島ヴォルティス,11
2012,2,28,水戸ホーリーホック,12
2012,2,28,松本山雅ＦＣ,13
2012,2,28,ギラヴァンツ北九州,14
2012,2,28,愛媛ＦＣ,15
2012,2,28,アビスパ福岡,16
2012,2,28,ロアッソ熊本,17
2012,2,28,ザスパ草津,18
2012,2,28,ＦＣ岐阜,19
2012,2,28,ガイナーレ鳥取,20
2012,2,28,ＦＣ町田ゼルビア,21
2012,2,28,カターレ富山,22
2012,2,29,ヴァンフォーレ甲府,1
2012,2,29,京都サンガF.C.,2
2012,2,29,東京ヴェルディ,3
2012,2,29,湘南ベルマーレ,3
2012,2,29,モンテディオ山形,5
2012,2,29,大分トリニータ,6
2012,2,29,ジェフユナイテッド千葉,7
2012,2,29,横浜ＦＣ,8
2012,2,29,栃木ＳＣ,9
2012,2,29,ファジアーノ岡山,10
2012,2,29,水戸ホーリーホック,11
2012,2,29,ギラヴァンツ北九州,12
2012,2,29,松本山雅ＦＣ,13
2012,2,29,徳島ヴォルティス,14
2012,2,29,ロアッソ熊本,15
2012,2,29,ザスパ草津,15
2012,2,29,愛媛ＦＣ,17
2012,2,29,アビスパ福岡,18
2012,2,29,ガイナーレ鳥取,19
2012,2,29,ＦＣ町田ゼルビア,20
2012,2,29,ＦＣ岐阜,21
2012,2,29,カターレ富山,22
2012,2,30,ヴァンフォーレ甲府,1
2012,2,30,京都サンガF.C.,2
2012,2,30,大分トリニータ,3
2012,2,30,湘南ベルマーレ,4
2012,2,30,東京ヴェルディ,5
2012,2,30,モンテディオ山形,6
2012,2,30,ジェフユナイテッド千葉,7
2012,2,30,横浜ＦＣ,8
2012,2,30,栃木ＳＣ,9
2012,2,30,ファジアーノ岡山,10
2012,2,30,松本山雅ＦＣ,11
2012,2,30,ギラヴァンツ北九州,12
2012,2,30,水戸ホーリーホック,13
2012,2,30,徳島ヴォルティス,14
2012,2,30,アビスパ福岡,15
2012,2,30,ロアッソ熊本,16
2012,2,30,ザスパ草津,16
2012,2,30,愛媛ＦＣ,18
2012,2,30,ガイナーレ鳥取,19
2012,2,30,ＦＣ町田ゼルビア,20
2012,2,30,ＦＣ岐阜,20
2012,2,30,カターレ富山,22
2012,2,31,ヴァンフォーレ甲府,1
2012,2,31,湘南ベルマーレ,2
2012,2,31,モンテディオ山形,3
2012,2,31,大分トリニータ,4
2012,2,31,京都サンガF.C.,5
2012,2,31,ジェフユナイテッド千葉,6
2012,2,31,東京ヴェルディ,7
2012,2,31,横浜ＦＣ,8
2012,2,31,栃木ＳＣ,9
2012,2,31,ファジアーノ岡山,10
2012,2,31,ギラヴァンツ北九州,11
2012,2,31,徳島ヴォルティス,12
2012,2,31,松本山雅ＦＣ,13
2012,2,31,水戸ホーリーホック,14
2012,2,31,ロアッソ熊本,15
2012,2,31,ザスパ草津,16
2012,2,31,アビスパ福岡,17
2012,2,31,愛媛ＦＣ,18
2012,2,31,ガイナーレ鳥取,19
2012,2,31,ＦＣ岐阜,20
2012,2,31,ＦＣ町田ゼルビア,21
2012,2,31,カターレ富山,22
2012,2,32,ヴァンフォーレ甲府,1
2012,2,32,湘南ベルマーレ,2
2012,2,32,ジェフユナイテッド千葉,3
2012,2,32,モンテディオ山形,4
2012,2,32,大分トリニータ,5
2012,2,32,京都サンガF.C.,5
2012,2,32,東京ヴェルディ,7
2012,2,32,栃木ＳＣ,8
2012,2,32,横浜ＦＣ,9
2012,2,32,ファジアーノ岡山,10
2012,2,32,ギラヴァンツ北九州,11
2012,2,32,水戸ホーリーホック,12
2012,2,32,徳島ヴォルティス,13
2012,2,32,松本山雅ＦＣ,14
2012,2,32,ザスパ草津,15
2012,2,32,アビスパ福岡,16
2012,2,32,ロアッソ熊本,17
2012,2,32,愛媛ＦＣ,18
2012,2,32,ＦＣ岐阜,19
2012,2,32,ガイナーレ鳥取,20
2012,2,32,ＦＣ町田ゼルビア,21
2012,2,32,カターレ富山,22
2012,2,33,ヴァンフォーレ甲府,1
2012,2,33,湘南ベルマーレ,2
2012,2,33,大分トリニータ,3
2012,2,33,ジェフユナイテッド千葉,4
2012,2,33,モンテディオ山形,5
2012,2,33,京都サンガF.C.,6
2012,2,33,東京ヴェルディ,7
2012,2,33,横浜ＦＣ,8
2012,2,33,栃木ＳＣ,9
2012,2,33,ギラヴァンツ北九州,10
2012,2,33,ファジアーノ岡山,11
2012,2,33,水戸ホーリーホック,12
2012,2,33,松本山雅ＦＣ,13
2012,2,33,徳島ヴォルティス,14
2012,2,33,ザスパ草津,15
2012,2,33,アビスパ福岡,16
2012,2,33,ロアッソ熊本,17
2012,2,33,愛媛ＦＣ,18
2012,2,33,ガイナーレ鳥取,19
2012,2,33,ＦＣ岐阜,20
2012,2,33,カターレ富山,21
2012,2,33,ＦＣ町田ゼルビア,22
2012,2,34,ヴァンフォーレ甲府,1
2012,2,34,湘南ベルマーレ,2
2012,2,34,京都サンガF.C.,3
2012,2,34,大分トリニータ,4
2012,2,34,東京ヴェルディ,5
2012,2,34,ジェフユナイテッド千葉,6
2012,2,34,モンテディオ山形,7
2012,2,34,横浜ＦＣ,8
2012,2,34,栃木ＳＣ,9
2012,2,34,ギラヴァンツ北九州,10
2012,2,34,ファジアーノ岡山,11
2012,2,34,水戸ホーリーホック,12
2012,2,34,松本山雅ＦＣ,13
2012,2,34,徳島ヴォルティス,14
2012,2,34,ロアッソ熊本,15
2012,2,34,ザスパ草津,16
2012,2,34,アビスパ福岡,17
2012,2,34,愛媛ＦＣ,18
2012,2,34,ＦＣ岐阜,19
2012,2,34,カターレ富山,20
2012,2,34,ガイナーレ鳥取,21
2012,2,34,ＦＣ町田ゼルビア,22
2012,2,35,ヴァンフォーレ甲府,1
2012,2,35,湘南ベルマーレ,2
2012,2,35,京都サンガF.C.,3
2012,2,35,ジェフユナイテッド千葉,4
2012,2,35,東京ヴェルディ,4
2012,2,35,大分トリニータ,6
2012,2,35,横浜ＦＣ,7
2012,2,35,栃木ＳＣ,8
2012,2,35,モンテディオ山形,9
2012,2,35,ギラヴァンツ北九州,10
2012,2,35,ファジアーノ岡山,11
2012,2,35,水戸ホーリーホック,12
2012,2,35,松本山雅ＦＣ,13
2012,2,35,ロアッソ熊本,14
2012,2,35,ザスパ草津,14
2012,2,35,徳島ヴォルティス,16
2012,2,35,アビスパ福岡,17
2012,2,35,愛媛ＦＣ,18
2012,2,35,ＦＣ岐阜,19
2012,2,35,カターレ富山,20
2012,2,35,ガイナーレ鳥取,21
2012,2,35,ＦＣ町田ゼルビア,22
2012,2,36,ヴァンフォーレ甲府,1
2012,2,36,京都サンガF.C.,2
2012,2,36,湘南ベルマーレ,3
2012,2,36,大分トリニータ,4
2012,2,36,ジェフユナイテッド千葉,5
2012,2,36,東京ヴェルディ,6
2012,2,36,横浜ＦＣ,7
2012,2,36,モンテディオ山形,8
2012,2,36,栃木ＳＣ,9
2012,2,36,水戸ホーリーホック,10
2012,2,36,ファジアーノ岡山,11
2012,2,36,ギラヴァンツ北九州,12
2012,2,36,松本山雅ＦＣ,13
2012,2,36,ロアッソ熊本,14
2012,2,36,徳島ヴォルティス,15
2012,2,36,ザスパ草津,16
2012,2,36,アビスパ福岡,17
2012,2,36,愛媛ＦＣ,18
2012,2,36,ＦＣ岐阜,19
2012,2,36,ガイナーレ鳥取,20
2012,2,36,カターレ富山,21
2012,2,36,ＦＣ町田ゼルビア,22
2012,2,37,ヴァンフォーレ甲府,1
2012,2,37,京都サンガF.C.,2
2012,2,37,湘南ベルマーレ,3
2012,2,37,ジェフユナイテッド千葉,4
2012,2,37,横浜ＦＣ,5
2012,2,37,大分トリニータ,6
2012,2,37,東京ヴェルディ,7
2012,2,37,モンテディオ山形,8
2012,2,37,栃木ＳＣ,9
2012,2,37,ファジアーノ岡山,10
2012,2,37,松本山雅ＦＣ,11
2012,2,37,水戸ホーリーホック,12
2012,2,37,ギラヴァンツ北九州,13
2012,2,37,ロアッソ熊本,14
2012,2,37,徳島ヴォルティス,15
2012,2,37,ザスパ草津,16
2012,2,37,アビスパ福岡,17
2012,2,37,愛媛ＦＣ,18
2012,2,37,ＦＣ岐阜,19
2012,2,37,カターレ富山,20
2012,2,37,ガイナーレ鳥取,21
2012,2,37,ＦＣ町田ゼルビア,22
2012,2,38,ヴァンフォーレ甲府,1
2012,2,38,京都サンガF.C.,2
2012,2,38,湘南ベルマーレ,3
2012,2,38,大分トリニータ,4
2012,2,38,ジェフユナイテッド千葉,5
2012,2,38,横浜ＦＣ,6
2012,2,38,東京ヴェルディ,7
2012,2,38,ファジアーノ岡山,8
2012,2,38,モンテディオ山形,9
2012,2,38,栃木ＳＣ,10
2012,2,38,ギラヴァンツ北九州,11
2012,2,38,松本山雅ＦＣ,12
2012,2,38,水戸ホーリーホック,13
2012,2,38,ロアッソ熊本,14
2012,2,38,徳島ヴォルティス,15
2012,2,38,ザスパ草津,16
2012,2,38,アビスパ福岡,17
2012,2,38,愛媛ＦＣ,18
2012,2,38,カターレ富山,19
2012,2,38,ＦＣ岐阜,20
2012,2,38,ガイナーレ鳥取,21
2012,2,38,ＦＣ町田ゼルビア,22
2012,2,39,ヴァンフォーレ甲府,1
2012,2,39,京都サンガF.C.,2
2012,2,39,湘南ベルマーレ,3
2012,2,39,横浜ＦＣ,4
2012,2,39,大分トリニータ,5
2012,2,39,東京ヴェルディ,6
2012,2,39,ジェフユナイテッド千葉,7
2012,2,39,モンテディオ山形,8
2012,2,39,松本山雅ＦＣ,9
2012,2,39,ファジアーノ岡山,10
2012,2,39,栃木ＳＣ,11
2012,2,39,ギラヴァンツ北九州,12
2012,2,39,水戸ホーリーホック,13
2012,2,39,ロアッソ熊本,14
2012,2,39,徳島ヴォルティス,15
2012,2,39,ザスパ草津,16
2012,2,39,愛媛ＦＣ,17
2012,2,39,アビスパ福岡,18
2012,2,39,ガイナーレ鳥取,19
2012,2,39,カターレ富山,20
2012,2,39,ＦＣ岐阜,21
2012,2,39,ＦＣ町田ゼルビア,22
2012,2,40,ヴァンフォーレ甲府,1
2012,2,40,京都サンガF.C.,2
2012,2,40,湘南ベルマーレ,3
2012,2,40,横浜ＦＣ,4
2012,2,40,大分トリニータ,5
2012,2,40,ジェフユナイテッド千葉,6
2012,2,40,東京ヴェルディ,7
2012,2,40,モンテディオ山形,8
2012,2,40,栃木ＳＣ,9
2012,2,40,ファジアーノ岡山,10
2012,2,40,ギラヴァンツ北九州,11
2012,2,40,松本山雅ＦＣ,12
2012,2,40,ロアッソ熊本,13
2012,2,40,水戸ホーリーホック,14
2012,2,40,徳島ヴォルティス,15
2012,2,40,ザスパ草津,16
2012,2,40,愛媛ＦＣ,17
2012,2,40,アビスパ福岡,18
2012,2,40,ガイナーレ鳥取,19
2012,2,40,カターレ富山,20
2012,2,40,ＦＣ岐阜,21
2012,2,40,ＦＣ町田ゼルビア,22
2012,2,41,ヴァンフォーレ甲府,1
2012,2,41,京都サンガF.C.,2
2012,2,41,湘南ベルマーレ,3
2012,2,41,大分トリニータ,4
2012,2,41,横浜ＦＣ,5
2012,2,41,ジェフユナイテッド千葉,6
2012,2,41,東京ヴェルディ,7
2012,2,41,ファジアーノ岡山,8
2012,2,41,ギラヴァンツ北九州,9
2012,2,41,モンテディオ山形,10
2012,2,41,栃木ＳＣ,11
2012,2,41,松本山雅ＦＣ,12
2012,2,41,水戸ホーリーホック,13
2012,2,41,ロアッソ熊本,14
2012,2,41,徳島ヴォルティス,15
2012,2,41,愛媛ＦＣ,16
2012,2,41,ザスパ草津,17
2012,2,41,アビスパ福岡,18
2012,2,41,ＦＣ岐阜,19
2012,2,41,カターレ富山,20
2012,2,41,ガイナーレ鳥取,20
2012,2,41,ＦＣ町田ゼルビア,22
2012,2,42,ヴァンフォーレ甲府,1
2012,2,42,湘南ベルマーレ,2
2012,2,42,京都サンガF.C.,3
2012,2,42,横浜ＦＣ,4
2012,2,42,ジェフユナイテッド千葉,5
2012,2,42,大分トリニータ,6
2012,2,42,東京ヴェルディ,7
2012,2,42,ファジアーノ岡山,8
2012,2,42,ギラヴァンツ北九州,9
2012,2,42,モンテディオ山形,10
2012,2,42,栃木ＳＣ,11
2012,2,42,松本山雅ＦＣ,12
2012,2,42,水戸ホーリーホック,13
2012,2,42,ロアッソ熊本,14
2012,2,42,徳島ヴォルティス,15
2012,2,42,愛媛ＦＣ,16
2012,2,42,ザスパ草津,17
2012,2,42,アビスパ福岡,18
2012,2,42,カターレ富山,19
2012,2,42,ガイナーレ鳥取,20
2012,2,42,ＦＣ岐阜,21
2012,2,42,ＦＣ町田ゼルビア,22
2013,1,1,横浜Ｆ・マリノス,1
2013,1,1,柏レイソル,2
2013,1,1,ＦＣ東京,3
2013,1,1,浦和レッズ,3
2013,1,1,セレッソ大阪,5
2013,1,1,大宮アルディージャ,6
2013,1,1,清水エスパルス,6
2013,1,1,ヴァンフォーレ甲府,8
2013,1,1,鹿島アントラーズ,8
2013,1,1,ベガルタ仙台,8
2013,1,1,サガン鳥栖,8
2013,1,1,ジュビロ磐田,8
2013,1,1,名古屋グランパス,8
2013,1,1,サンフレッチェ広島,14
2013,1,1,大分トリニータ,14
2013,1,1,アルビレックス新潟,16
2013,1,1,湘南ベルマーレ,17
2013,1,1,川崎フロンターレ,18
2013,1,2,横浜Ｆ・マリノス,1
2013,1,2,ＦＣ東京,2
2013,1,2,セレッソ大阪,3
2013,1,2,浦和レッズ,4
2013,1,2,鹿島アントラーズ,5
2013,1,2,大宮アルディージャ,6
2013,1,2,サンフレッチェ広島,7
2013,1,2,柏レイソル,8
2013,1,2,サガン鳥栖,9
2013,1,2,川崎フロンターレ,10
2013,1,2,湘南ベルマーレ,10
2013,1,2,大分トリニータ,10
2013,1,2,ベガルタ仙台,13
2013,1,2,ヴァンフォーレ甲府,14
2013,1,2,ジュビロ磐田,15
2013,1,2,名古屋グランパス,15
2013,1,2,清水エスパルス,17
2013,1,2,アルビレックス新潟,18
2013,1,3,横浜Ｆ・マリノス,1
2013,1,3,セレッソ大阪,2
2013,1,3,浦和レッズ,3
2013,1,3,ＦＣ東京,4
2013,1,3,サガン鳥栖,5
2013,1,3,大宮アルディージャ,6
2013,1,3,鹿島アントラーズ,7
2013,1,3,ベガルタ仙台,8
2013,1,3,名古屋グランパス,9
2013,1,3,サンフレッチェ広島,10
2013,1,3,柏レイソル,11
2013,1,3,大分トリニータ,12
2013,1,3,清水エスパルス,13
2013,1,3,湘南ベルマーレ,13
2013,1,3,アルビレックス新潟,15
2013,1,3,川崎フロンターレ,16
2013,1,3,ジュビロ磐田,17
2013,1,3,ヴァンフォーレ甲府,18
2013,1,4,横浜Ｆ・マリノス,1
2013,1,4,浦和レッズ,2
2013,1,4,セレッソ大阪,3
2013,1,4,大宮アルディージャ,4
2013,1,4,サンフレッチェ広島,5
2013,1,4,名古屋グランパス,6
2013,1,4,柏レイソル,7
2013,1,4,サガン鳥栖,8
2013,1,4,ＦＣ東京,9
2013,1,4,ベガルタ仙台,10
2013,1,4,鹿島アントラーズ,11
2013,1,4,ジュビロ磐田,12
2013,1,4,川崎フロンターレ,13
2013,1,4,ヴァンフォーレ甲府,13
2013,1,4,大分トリニータ,15
2013,1,4,湘南ベルマーレ,16
2013,1,4,清水エスパルス,17
2013,1,4,アルビレックス新潟,18
2013,1,5,横浜Ｆ・マリノス,1
2013,1,5,浦和レッズ,2
2013,1,5,大宮アルディージャ,3
2013,1,5,セレッソ大阪,4
2013,1,5,鹿島アントラーズ,5
2013,1,5,名古屋グランパス,6
2013,1,5,柏レイソル,7
2013,1,5,サンフレッチェ広島,8
2013,1,5,サガン鳥栖,9
2013,1,5,ＦＣ東京,9
2013,1,5,清水エスパルス,11
2013,1,5,ヴァンフォーレ甲府,11
2013,1,5,ベガルタ仙台,13
2013,1,5,アルビレックス新潟,14
2013,1,5,川崎フロンターレ,15
2013,1,5,湘南ベルマーレ,15
2013,1,5,ジュビロ磐田,17
2013,1,5,大分トリニータ,18
2013,1,6,横浜Ｆ・マリノス,1
2013,1,6,浦和レッズ,2
2013,1,6,大宮アルディージャ,3
2013,1,6,名古屋グランパス,4
2013,1,6,鹿島アントラーズ,5
2013,1,6,サンフレッチェ広島,6
2013,1,6,セレッソ大阪,7
2013,1,6,ヴァンフォーレ甲府,8
2013,1,6,ベガルタ仙台,9
2013,1,6,清水エスパルス,10
2013,1,6,柏レイソル,11
2013,1,6,ＦＣ東京,12
2013,1,6,サガン鳥栖,13
2013,1,6,アルビレックス新潟,14
2013,1,6,川崎フロンターレ,15
2013,1,6,湘南ベルマーレ,16
2013,1,6,大分トリニータ,17
2013,1,6,ジュビロ磐田,18
2013,1,7,横浜Ｆ・マリノス,1
2013,1,7,大宮アルディージャ,2
2013,1,7,浦和レッズ,3
2013,1,7,サンフレッチェ広島,4
2013,1,7,鹿島アントラーズ,5
2013,1,7,セレッソ大阪,6
2013,1,7,名古屋グランパス,7
2013,1,7,柏レイソル,8
2013,1,7,ＦＣ東京,9
2013,1,7,清水エスパルス,10
2013,1,7,ヴァンフォーレ甲府,11
2013,1,7,ベガルタ仙台,12
2013,1,7,アルビレックス新潟,13
2013,1,7,川崎フロンターレ,14
2013,1,7,湘南ベルマーレ,15
2013,1,7,サガン鳥栖,16
2013,1,7,大分トリニータ,17
2013,1,7,ジュビロ磐田,18
2013,1,8,大宮アルディージャ,1
2013,1,8,横浜Ｆ・マリノス,2
2013,1,8,浦和レッズ,3
2013,1,8,鹿島アントラーズ,4
2013,1,8,サンフレッチェ広島,5
2013,1,8,ＦＣ東京,6
2013,1,8,清水エスパルス,7
2013,1,8,名古屋グランパス,8
2013,1,8,セレッソ大阪,9
2013,1,8,ヴァンフォーレ甲府,10
2013,1,8,柏レイソル,11
2013,1,8,ベガルタ仙台,12
2013,1,8,サガン鳥栖,13
2013,1,8,アルビレックス新潟,14
2013,1,8,川崎フロンターレ,15
2013,1,8,湘南ベルマーレ,16
2013,1,8,ジュビロ磐田,17
2013,1,8,大分トリニータ,18
2013,1,9,大宮アルディージャ,1
2013,1,9,横浜Ｆ・マリノス,2
2013,1,9,浦和レッズ,3
2013,1,9,鹿島アントラーズ,4
2013,1,9,セレッソ大阪,5
2013,1,9,ＦＣ東京,6
2013,1,9,サンフレッチェ広島,7
2013,1,9,ヴァンフォーレ甲府,8
2013,1,9,清水エスパルス,9
2013,1,9,名古屋グランパス,9
2013,1,9,柏レイソル,11
2013,1,9,アルビレックス新潟,12
2013,1,9,ベガルタ仙台,13
2013,1,9,川崎フロンターレ,14
2013,1,9,サガン鳥栖,15
2013,1,9,湘南ベルマーレ,16
2013,1,9,ジュビロ磐田,17
2013,1,9,大分トリニータ,18
2013,1,10,大宮アルディージャ,1
2013,1,10,横浜Ｆ・マリノス,2
2013,1,10,鹿島アントラーズ,3
2013,1,10,浦和レッズ,4
2013,1,10,セレッソ大阪,5
2013,1,10,ＦＣ東京,5
2013,1,10,サンフレッチェ広島,7
2013,1,10,柏レイソル,8
2013,1,10,ヴァンフォーレ甲府,9
2013,1,10,ベガルタ仙台,10
2013,1,10,川崎フロンターレ,11
2013,1,10,清水エスパルス,12
2013,1,10,名古屋グランパス,13
2013,1,10,アルビレックス新潟,14
2013,1,10,サガン鳥栖,15
2013,1,10,ジュビロ磐田,16
2013,1,10,湘南ベルマーレ,17
2013,1,10,大分トリニータ,18
2013,1,11,大宮アルディージャ,1
2013,1,11,横浜Ｆ・マリノス,2
2013,1,11,浦和レッズ,3
2013,1,11,鹿島アントラーズ,4
2013,1,11,サンフレッチェ広島,5
2013,1,11,柏レイソル,6
2013,1,11,セレッソ大阪,7
2013,1,11,ベガルタ仙台,8
2013,1,11,ＦＣ東京,9
2013,1,11,清水エスパルス,10
2013,1,11,アルビレックス新潟,11
2013,1,11,ヴァンフォーレ甲府,12
2013,1,11,川崎フロンターレ,13
2013,1,11,名古屋グランパス,14
2013,1,11,サガン鳥栖,15
2013,1,11,湘南ベルマーレ,16
2013,1,11,ジュビロ磐田,17
2013,1,11,大分トリニータ,18
2013,1,12,大宮アルディージャ,1
2013,1,12,浦和レッズ,2
2013,1,12,横浜Ｆ・マリノス,3
2013,1,12,鹿島アントラーズ,4
2013,1,12,サンフレッチェ広島,5
2013,1,12,セレッソ大阪,6
2013,1,12,ＦＣ東京,7
2013,1,12,ベガルタ仙台,8
2013,1,12,柏レイソル,9
2013,1,12,川崎フロンターレ,10
2013,1,12,清水エスパルス,11
2013,1,12,アルビレックス新潟,12
2013,1,12,ヴァンフォーレ甲府,13
2013,1,12,名古屋グランパス,14
2013,1,12,サガン鳥栖,15
2013,1,12,湘南ベルマーレ,16
2013,1,12,大分トリニータ,17
2013,1,12,ジュビロ磐田,18
2013,1,13,大宮アルディージャ,1
2013,1,13,浦和レッズ,2
2013,1,13,横浜Ｆ・マリノス,3
2013,1,13,鹿島アントラーズ,4
2013,1,13,サンフレッチェ広島,5
2013,1,13,セレッソ大阪,6
2013,1,13,川崎フロンターレ,7
2013,1,13,ＦＣ東京,8
2013,1,13,清水エスパルス,9
2013,1,13,ベガルタ仙台,10
2013,1,13,柏レイソル,11
2013,1,13,アルビレックス新潟,12
2013,1,13,ヴァンフォーレ甲府,13
2013,1,13,名古屋グランパス,14
2013,1,13,サガン鳥栖,15
2013,1,13,湘南ベルマーレ,16
2013,1,13,ジュビロ磐田,17
2013,1,13,大分トリニータ,17
2013,1,14,大宮アルディージャ,1
2013,1,14,浦和レッズ,2
2013,1,14,横浜Ｆ・マリノス,3
2013,1,14,サンフレッチェ広島,4
2013,1,14,鹿島アントラーズ,5
2013,1,14,セレッソ大阪,6
2013,1,14,川崎フロンターレ,7
2013,1,14,ＦＣ東京,8
2013,1,14,ベガルタ仙台,9
2013,1,14,清水エスパルス,10
2013,1,14,アルビレックス新潟,11
2013,1,14,柏レイソル,12
2013,1,14,名古屋グランパス,13
2013,1,14,ヴァンフォーレ甲府,14
2013,1,14,サガン鳥栖,15
2013,1,14,湘南ベルマーレ,16
2013,1,14,ジュビロ磐田,17
2013,1,14,大分トリニータ,18
2013,1,15,大宮アルディージャ,1
2013,1,15,浦和レッズ,2
2013,1,15,サンフレッチェ広島,3
2013,1,15,鹿島アントラーズ,4
2013,1,15,横浜Ｆ・マリノス,5
2013,1,15,セレッソ大阪,6
2013,1,15,川崎フロンターレ,7
2013,1,15,ベガルタ仙台,8
2013,1,15,柏レイソル,9
2013,1,15,ＦＣ東京,10
2013,1,15,清水エスパルス,11
2013,1,15,アルビレックス新潟,12
2013,1,15,名古屋グランパス,13
2013,1,15,サガン鳥栖,14
2013,1,15,ヴァンフォーレ甲府,15
2013,1,15,ジュビロ磐田,16
2013,1,15,湘南ベルマーレ,17
2013,1,15,大分トリニータ,18
2013,1,16,大宮アルディージャ,1
2013,1,16,サンフレッチェ広島,2
2013,1,16,横浜Ｆ・マリノス,3
2013,1,16,浦和レッズ,4
2013,1,16,鹿島アントラーズ,5
2013,1,16,セレッソ大阪,6
2013,1,16,川崎フロンターレ,7
2013,1,16,ＦＣ東京,8
2013,1,16,柏レイソル,9
2013,1,16,ベガルタ仙台,10
2013,1,16,清水エスパルス,11
2013,1,16,名古屋グランパス,12
2013,1,16,アルビレックス新潟,13
2013,1,16,サガン鳥栖,14
2013,1,16,ヴァンフォーレ甲府,15
2013,1,16,湘南ベルマーレ,16
2013,1,16,ジュビロ磐田,17
2013,1,16,大分トリニータ,18
2013,1,17,サンフレッチェ広島,1
2013,1,17,大宮アルディージャ,2
2013,1,17,横浜Ｆ・マリノス,3
2013,1,17,浦和レッズ,4
2013,1,17,セレッソ大阪,5
2013,1,17,鹿島アントラーズ,6
2013,1,17,川崎フロンターレ,7
2013,1,17,ＦＣ東京,8
2013,1,17,柏レイソル,9
2013,1,17,清水エスパルス,10
2013,1,17,ベガルタ仙台,11
2013,1,17,名古屋グランパス,12
2013,1,17,アルビレックス新潟,13
2013,1,17,サガン鳥栖,14
2013,1,17,ヴァンフォーレ甲府,14
2013,1,17,ジュビロ磐田,16
2013,1,17,湘南ベルマーレ,17
2013,1,17,大分トリニータ,18
2013,1,18,サンフレッチェ広島,1
2013,1,18,大宮アルディージャ,2
2013,1,18,横浜Ｆ・マリノス,3
2013,1,18,浦和レッズ,4
2013,1,18,セレッソ大阪,5
2013,1,18,鹿島アントラーズ,6
2013,1,18,川崎フロンターレ,7
2013,1,18,ＦＣ東京,8
2013,1,18,ベガルタ仙台,9
2013,1,18,柏レイソル,10
2013,1,18,名古屋グランパス,11
2013,1,18,アルビレックス新潟,12
2013,1,18,清水エスパルス,13
2013,1,18,サガン鳥栖,14
2013,1,18,湘南ベルマーレ,15
2013,1,18,ヴァンフォーレ甲府,16
2013,1,18,ジュビロ磐田,17
2013,1,18,大分トリニータ,18
2013,1,19,サンフレッチェ広島,1
2013,1,19,横浜Ｆ・マリノス,2
2013,1,19,浦和レッズ,3
2013,1,19,大宮アルディージャ,4
2013,1,19,鹿島アントラーズ,5
2013,1,19,ＦＣ東京,6
2013,1,19,セレッソ大阪,7
2013,1,19,ベガルタ仙台,8
2013,1,19,柏レイソル,8
2013,1,19,川崎フロンターレ,10
2013,1,19,名古屋グランパス,11
2013,1,19,アルビレックス新潟,12
2013,1,19,清水エスパルス,13
2013,1,19,ヴァンフォーレ甲府,14
2013,1,19,サガン鳥栖,15
2013,1,19,湘南ベルマーレ,16
2013,1,19,ジュビロ磐田,17
2013,1,19,大分トリニータ,18
2013,1,20,サンフレッチェ広島,1
2013,1,20,横浜Ｆ・マリノス,2
2013,1,20,浦和レッズ,3
2013,1,20,大宮アルディージャ,4
2013,1,20,セレッソ大阪,5
2013,1,20,鹿島アントラーズ,6
2013,1,20,ベガルタ仙台,7
2013,1,20,ＦＣ東京,8
2013,1,20,名古屋グランパス,9
2013,1,20,川崎フロンターレ,10
2013,1,20,柏レイソル,11
2013,1,20,アルビレックス新潟,12
2013,1,20,清水エスパルス,13
2013,1,20,ヴァンフォーレ甲府,14
2013,1,20,サガン鳥栖,15
2013,1,20,湘南ベルマーレ,16
2013,1,20,ジュビロ磐田,17
2013,1,20,大分トリニータ,18
2013,1,21,横浜Ｆ・マリノス,1
2013,1,21,サンフレッチェ広島,2
2013,1,21,浦和レッズ,3
2013,1,21,セレッソ大阪,4
2013,1,21,大宮アルディージャ,5
2013,1,21,鹿島アントラーズ,6
2013,1,21,川崎フロンターレ,7
2013,1,21,ベガルタ仙台,8
2013,1,21,名古屋グランパス,9
2013,1,21,ＦＣ東京,10
2013,1,21,柏レイソル,11
2013,1,21,アルビレックス新潟,12
2013,1,21,清水エスパルス,13
2013,1,21,サガン鳥栖,14
2013,1,21,ヴァンフォーレ甲府,15
2013,1,21,湘南ベルマーレ,16
2013,1,21,ジュビロ磐田,17
2013,1,21,大分トリニータ,18
2013,1,22,サンフレッチェ広島,1
2013,1,22,横浜Ｆ・マリノス,2
2013,1,22,浦和レッズ,3
2013,1,22,鹿島アントラーズ,4
2013,1,22,セレッソ大阪,5
2013,1,22,大宮アルディージャ,6
2013,1,22,柏レイソル,7
2013,1,22,名古屋グランパス,8
2013,1,22,ＦＣ東京,9
2013,1,22,川崎フロンターレ,10
2013,1,22,ベガルタ仙台,11
2013,1,22,アルビレックス新潟,12
2013,1,22,清水エスパルス,13
2013,1,22,サガン鳥栖,14
2013,1,22,ヴァンフォーレ甲府,15
2013,1,22,湘南ベルマーレ,16
2013,1,22,ジュビロ磐田,17
2013,1,22,大分トリニータ,18
2013,1,23,横浜Ｆ・マリノス,1
2013,1,23,サンフレッチェ広島,2
2013,1,23,浦和レッズ,3
2013,1,23,セレッソ大阪,4
2013,1,23,鹿島アントラーズ,5
2013,1,23,柏レイソル,6
2013,1,23,大宮アルディージャ,7
2013,1,23,川崎フロンターレ,8
2013,1,23,名古屋グランパス,8
2013,1,23,アルビレックス新潟,10
2013,1,23,ベガルタ仙台,11
2013,1,23,ＦＣ東京,12
2013,1,23,清水エスパルス,13
2013,1,23,サガン鳥栖,14
2013,1,23,ヴァンフォーレ甲府,15
2013,1,23,湘南ベルマーレ,16
2013,1,23,ジュビロ磐田,17
2013,1,23,大分トリニータ,18
2013,1,24,横浜Ｆ・マリノス,1
2013,1,24,浦和レッズ,2
2013,1,24,サンフレッチェ広島,3
2013,1,24,鹿島アントラーズ,4
2013,1,24,大宮アルディージャ,5
2013,1,24,セレッソ大阪,6
2013,1,24,名古屋グランパス,7
2013,1,24,川崎フロンターレ,8
2013,1,24,柏レイソル,9
2013,1,24,ＦＣ東京,10
2013,1,24,ベガルタ仙台,11
2013,1,24,アルビレックス新潟,12
2013,1,24,清水エスパルス,13
2013,1,24,サガン鳥栖,14
2013,1,24,ヴァンフォーレ甲府,15
2013,1,24,湘南ベルマーレ,16
2013,1,24,ジュビロ磐田,17
2013,1,24,大分トリニータ,18
2013,1,25,横浜Ｆ・マリノス,1
2013,1,25,浦和レッズ,2
2013,1,25,サンフレッチェ広島,3
2013,1,25,鹿島アントラーズ,4
2013,1,25,セレッソ大阪,5
2013,1,25,川崎フロンターレ,6
2013,1,25,大宮アルディージャ,7
2013,1,25,ＦＣ東京,8
2013,1,25,ベガルタ仙台,9
2013,1,25,アルビレックス新潟,10
2013,1,25,名古屋グランパス,11
2013,1,25,柏レイソル,12
2013,1,25,清水エスパルス,13
2013,1,25,サガン鳥栖,14
2013,1,25,ヴァンフォーレ甲府,15
2013,1,25,湘南ベルマーレ,16
2013,1,25,ジュビロ磐田,17
2013,1,25,大分トリニータ,18
2013,1,26,横浜Ｆ・マリノス,1
2013,1,26,サンフレッチェ広島,2
2013,1,26,浦和レッズ,3
2013,1,26,鹿島アントラーズ,4
2013,1,26,ＦＣ東京,5
2013,1,26,セレッソ大阪,6
2013,1,26,ベガルタ仙台,7
2013,1,26,川崎フロンターレ,8
2013,1,26,大宮アルディージャ,9
2013,1,26,柏レイソル,10
2013,1,26,アルビレックス新潟,11
2013,1,26,名古屋グランパス,11
2013,1,26,清水エスパルス,13
2013,1,26,サガン鳥栖,14
2013,1,26,ヴァンフォーレ甲府,15
2013,1,26,湘南ベルマーレ,16
2013,1,26,ジュビロ磐田,17
2013,1,26,大分トリニータ,18
2013,1,27,横浜Ｆ・マリノス,1
2013,1,27,サンフレッチェ広島,2
2013,1,27,浦和レッズ,3
2013,1,27,鹿島アントラーズ,4
2013,1,27,ＦＣ東京,5
2013,1,27,セレッソ大阪,6
2013,1,27,川崎フロンターレ,7
2013,1,27,ベガルタ仙台,8
2013,1,27,大宮アルディージャ,9
2013,1,27,清水エスパルス,10
2013,1,27,柏レイソル,11
2013,1,27,アルビレックス新潟,12
2013,1,27,名古屋グランパス,13
2013,1,27,サガン鳥栖,14
2013,1,27,ヴァンフォーレ甲府,15
2013,1,27,湘南ベルマーレ,16
2013,1,27,ジュビロ磐田,17
2013,1,27,大分トリニータ,18
2013,1,28,サンフレッチェ広島,1
2013,1,28,横浜Ｆ・マリノス,2
2013,1,28,浦和レッズ,3
2013,1,28,鹿島アントラーズ,4
2013,1,28,セレッソ大阪,5
2013,1,28,川崎フロンターレ,6
2013,1,28,ＦＣ東京,7
2013,1,28,ベガルタ仙台,8
2013,1,28,アルビレックス新潟,9
2013,1,28,大宮アルディージャ,10
2013,1,28,清水エスパルス,11
2013,1,28,柏レイソル,11
2013,1,28,名古屋グランパス,13
2013,1,28,サガン鳥栖,14
2013,1,28,ヴァンフォーレ甲府,15
2013,1,28,湘南ベルマーレ,16
2013,1,28,ジュビロ磐田,17
2013,1,28,大分トリニータ,18
2013,1,29,横浜Ｆ・マリノス,1
2013,1,29,浦和レッズ,2
2013,1,29,サンフレッチェ広島,3
2013,1,29,セレッソ大阪,4
2013,1,29,鹿島アントラーズ,5
2013,1,29,川崎フロンターレ,6
2013,1,29,ＦＣ東京,7
2013,1,29,ベガルタ仙台,8
2013,1,29,清水エスパルス,9
2013,1,29,柏レイソル,10
2013,1,29,アルビレックス新潟,11
2013,1,29,大宮アルディージャ,12
2013,1,29,名古屋グランパス,13
2013,1,29,サガン鳥栖,14
2013,1,29,ヴァンフォーレ甲府,15
2013,1,29,湘南ベルマーレ,16
2013,1,29,ジュビロ磐田,17
2013,1,29,大分トリニータ,18
2013,1,30,横浜Ｆ・マリノス,1
2013,1,30,浦和レッズ,2
2013,1,30,サンフレッチェ広島,3
2013,1,30,鹿島アントラーズ,4
2013,1,30,セレッソ大阪,5
2013,1,30,ＦＣ東京,6
2013,1,30,川崎フロンターレ,7
2013,1,30,清水エスパルス,8
2013,1,30,ベガルタ仙台,9
2013,1,30,アルビレックス新潟,10
2013,1,30,柏レイソル,11
2013,1,30,名古屋グランパス,12
2013,1,30,大宮アルディージャ,13
2013,1,30,サガン鳥栖,14
2013,1,30,ヴァンフォーレ甲府,15
2013,1,30,湘南ベルマーレ,16
2013,1,30,ジュビロ磐田,17
2013,1,30,大分トリニータ,18
2013,1,31,横浜Ｆ・マリノス,1
2013,1,31,浦和レッズ,2
2013,1,31,サンフレッチェ広島,3
2013,1,31,鹿島アントラーズ,4
2013,1,31,セレッソ大阪,5
2013,1,31,川崎フロンターレ,6
2013,1,31,ＦＣ東京,7
2013,1,31,アルビレックス新潟,8
2013,1,31,ベガルタ仙台,9
2013,1,31,清水エスパルス,10
2013,1,31,名古屋グランパス,11
2013,1,31,柏レイソル,12
2013,1,31,サガン鳥栖,13
2013,1,31,大宮アルディージャ,14
2013,1,31,ヴァンフォーレ甲府,15
2013,1,31,湘南ベルマーレ,16
2013,1,31,ジュビロ磐田,17
2013,1,31,大分トリニータ,18
2013,1,32,横浜Ｆ・マリノス,1
2013,1,32,浦和レッズ,2
2013,1,32,サンフレッチェ広島,3
2013,1,32,セレッソ大阪,4
2013,1,32,鹿島アントラーズ,5
2013,1,32,川崎フロンターレ,6
2013,1,32,ＦＣ東京,7
2013,1,32,アルビレックス新潟,8
2013,1,32,清水エスパルス,9
2013,1,32,名古屋グランパス,10
2013,1,32,ベガルタ仙台,11
2013,1,32,サガン鳥栖,12
2013,1,32,柏レイソル,13
2013,1,32,大宮アルディージャ,14
2013,1,32,ヴァンフォーレ甲府,15
2013,1,32,湘南ベルマーレ,16
2013,1,32,ジュビロ磐田,17
2013,1,32,大分トリニータ,18
2013,1,33,横浜Ｆ・マリノス,1
2013,1,33,サンフレッチェ広島,2
2013,1,33,鹿島アントラーズ,3
2013,1,33,浦和レッズ,4
2013,1,33,川崎フロンターレ,5
2013,1,33,セレッソ大阪,6
2013,1,33,アルビレックス新潟,7
2013,1,33,ＦＣ東京,8
2013,1,33,清水エスパルス,9
2013,1,33,名古屋グランパス,10
2013,1,33,柏レイソル,11
2013,1,33,サガン鳥栖,11
2013,1,33,ベガルタ仙台,13
2013,1,33,大宮アルディージャ,14
2013,1,33,ヴァンフォーレ甲府,15
2013,1,33,湘南ベルマーレ,16
2013,1,33,ジュビロ磐田,17
2013,1,33,大分トリニータ,18
2013,1,34,サンフレッチェ広島,1
2013,1,34,横浜Ｆ・マリノス,2
2013,1,34,川崎フロンターレ,3
2013,1,34,セレッソ大阪,4
2013,1,34,鹿島アントラーズ,5
2013,1,34,浦和レッズ,6
2013,1,34,アルビレックス新潟,7
2013,1,34,ＦＣ東京,8
2013,1,34,清水エスパルス,9
2013,1,34,柏レイソル,10
2013,1,34,名古屋グランパス,11
2013,1,34,サガン鳥栖,12
2013,1,34,大宮アルディージャ,13
2013,1,34,ベガルタ仙台,14
2013,1,34,ヴァンフォーレ甲府,15
2013,1,34,湘南ベルマーレ,16
2013,1,34,ジュビロ磐田,17
2013,1,34,大分トリニータ,18
2013,2,1,愛媛ＦＣ,1
2013,2,1,横浜ＦＣ,2
2013,2,1,ガイナーレ鳥取,3
2013,2,1,カターレ富山,3
2013,2,1,ヴィッセル神戸,5
2013,2,1,アビスパ福岡,5
2013,2,1,コンサドーレ札幌,5
2013,2,1,松本山雅ＦＣ,5
2013,2,1,ガンバ大阪,9
2013,2,1,京都サンガF.C.,9
2013,2,1,Ｖ・ファーレン長崎,11
2013,2,1,水戸ホーリーホック,11
2013,2,1,ザスパクサツ群馬,11
2013,2,1,ファジアーノ岡山,11
2013,2,1,ギラヴァンツ北九州,15
2013,2,1,ロアッソ熊本,15
2013,2,1,ジェフユナイテッド千葉,17
2013,2,1,徳島ヴォルティス,17
2013,2,1,栃木ＳＣ,17
2013,2,1,東京ヴェルディ,17
2013,2,1,モンテディオ山形,21
2013,2,1,ＦＣ岐阜,22
2013,2,2,ヴィッセル神戸,1
2013,2,2,アビスパ福岡,2
2013,2,2,ガンバ大阪,3
2013,2,2,水戸ホーリーホック,4
2013,2,2,横浜ＦＣ,5
2013,2,2,松本山雅ＦＣ,6
2013,2,2,愛媛ＦＣ,6
2013,2,2,ガイナーレ鳥取,8
2013,2,2,ジェフユナイテッド千葉,9
2013,2,2,栃木ＳＣ,10
2013,2,2,コンサドーレ札幌,11
2013,2,2,カターレ富山,11
2013,2,2,京都サンガF.C.,13
2013,2,2,ファジアーノ岡山,13
2013,2,2,ザスパクサツ群馬,13
2013,2,2,徳島ヴォルティス,16
2013,2,2,ギラヴァンツ北九州,17
2013,2,2,東京ヴェルディ,17
2013,2,2,Ｖ・ファーレン長崎,19
2013,2,2,モンテディオ山形,20
2013,2,2,ロアッソ熊本,21
2013,2,2,ＦＣ岐阜,22
2013,2,3,ヴィッセル神戸,1
2013,2,3,ガイナーレ鳥取,2
2013,2,3,カターレ富山,3
2013,2,3,アビスパ福岡,4
2013,2,3,京都サンガF.C.,5
2013,2,3,横浜ＦＣ,6
2013,2,3,ガンバ大阪,6
2013,2,3,ギラヴァンツ北九州,8
2013,2,3,栃木ＳＣ,9
2013,2,3,ジェフユナイテッド千葉,9
2013,2,3,松本山雅ＦＣ,11
2013,2,3,愛媛ＦＣ,12
2013,2,3,水戸ホーリーホック,13
2013,2,3,モンテディオ山形,14
2013,2,3,ロアッソ熊本,15
2013,2,3,ファジアーノ岡山,16
2013,2,3,ザスパクサツ群馬,17
2013,2,3,コンサドーレ札幌,18
2013,2,3,東京ヴェルディ,19
2013,2,3,ＦＣ岐阜,20
2013,2,3,徳島ヴォルティス,21
2013,2,3,Ｖ・ファーレン長崎,22
2013,2,4,ヴィッセル神戸,1
2013,2,4,京都サンガF.C.,2
2013,2,4,ガイナーレ鳥取,3
2013,2,4,松本山雅ＦＣ,4
2013,2,4,モンテディオ山形,5
2013,2,4,ザスパクサツ群馬,6
2013,2,4,ガンバ大阪,7
2013,2,4,アビスパ福岡,8
2013,2,4,カターレ富山,9
2013,2,4,ジェフユナイテッド千葉,10
2013,2,4,ギラヴァンツ北九州,10
2013,2,4,水戸ホーリーホック,10
2013,2,4,愛媛ＦＣ,13
2013,2,4,横浜ＦＣ,14
2013,2,4,徳島ヴォルティス,15
2013,2,4,Ｖ・ファーレン長崎,16
2013,2,4,ロアッソ熊本,17
2013,2,4,ファジアーノ岡山,18
2013,2,4,栃木ＳＣ,19
2013,2,4,東京ヴェルディ,20
2013,2,4,コンサドーレ札幌,21
2013,2,4,ＦＣ岐阜,22
2013,2,5,ヴィッセル神戸,1
2013,2,5,モンテディオ山形,2
2013,2,5,カターレ富山,3
2013,2,5,ガイナーレ鳥取,4
2013,2,5,愛媛ＦＣ,5
2013,2,5,松本山雅ＦＣ,6
2013,2,5,京都サンガF.C.,7
2013,2,5,ファジアーノ岡山,8
2013,2,5,徳島ヴォルティス,8
2013,2,5,ガンバ大阪,10
2013,2,5,コンサドーレ札幌,11
2013,2,5,ジェフユナイテッド千葉,12
2013,2,5,アビスパ福岡,13
2013,2,5,ザスパクサツ群馬,14
2013,2,5,ロアッソ熊本,15
2013,2,5,栃木ＳＣ,15
2013,2,5,Ｖ・ファーレン長崎,15
2013,2,5,ギラヴァンツ北九州,18
2013,2,5,水戸ホーリーホック,19
2013,2,5,横浜ＦＣ,19
2013,2,5,東京ヴェルディ,21
2013,2,5,ＦＣ岐阜,22
2013,2,6,ヴィッセル神戸,1
2013,2,6,モンテディオ山形,2
2013,2,6,ガンバ大阪,3
2013,2,6,徳島ヴォルティス,4
2013,2,6,ファジアーノ岡山,5
2013,2,6,カターレ富山,6
2013,2,6,ジェフユナイテッド千葉,7
2013,2,6,ガイナーレ鳥取,8
2013,2,6,栃木ＳＣ,9
2013,2,6,Ｖ・ファーレン長崎,10
2013,2,6,松本山雅ＦＣ,11
2013,2,6,京都サンガF.C.,11
2013,2,6,愛媛ＦＣ,13
2013,2,6,東京ヴェルディ,14
2013,2,6,アビスパ福岡,15
2013,2,6,ロアッソ熊本,16
2013,2,6,水戸ホーリーホック,16
2013,2,6,コンサドーレ札幌,18
2013,2,6,ザスパクサツ群馬,19
2013,2,6,横浜ＦＣ,20
2013,2,6,ギラヴァンツ北九州,21
2013,2,6,ＦＣ岐阜,22
2013,2,7,ヴィッセル神戸,1
2013,2,7,ファジアーノ岡山,2
2013,2,7,ジェフユナイテッド千葉,3
2013,2,7,モンテディオ山形,4
2013,2,7,京都サンガF.C.,5
2013,2,7,松本山雅ＦＣ,6
2013,2,7,栃木ＳＣ,6
2013,2,7,Ｖ・ファーレン長崎,6
2013,2,7,ガンバ大阪,9
2013,2,7,ガイナーレ鳥取,10
2013,2,7,徳島ヴォルティス,11
2013,2,7,カターレ富山,11
2013,2,7,ギラヴァンツ北九州,13
2013,2,7,アビスパ福岡,14
2013,2,7,東京ヴェルディ,14
2013,2,7,愛媛ＦＣ,16
2013,2,7,ロアッソ熊本,17
2013,2,7,横浜ＦＣ,18
2013,2,7,コンサドーレ札幌,19
2013,2,7,水戸ホーリーホック,20
2013,2,7,ザスパクサツ群馬,21
2013,2,7,ＦＣ岐阜,22
2013,2,8,ヴィッセル神戸,1
2013,2,8,ガンバ大阪,2
2013,2,8,Ｖ・ファーレン長崎,2
2013,2,8,ファジアーノ岡山,4
2013,2,8,ジェフユナイテッド千葉,5
2013,2,8,モンテディオ山形,6
2013,2,8,東京ヴェルディ,7
2013,2,8,愛媛ＦＣ,8
2013,2,8,アビスパ福岡,9
2013,2,8,カターレ富山,10
2013,2,8,松本山雅ＦＣ,11
2013,2,8,京都サンガF.C.,12
2013,2,8,栃木ＳＣ,12
2013,2,8,徳島ヴォルティス,14
2013,2,8,ガイナーレ鳥取,15
2013,2,8,コンサドーレ札幌,16
2013,2,8,横浜ＦＣ,17
2013,2,8,水戸ホーリーホック,17
2013,2,8,ギラヴァンツ北九州,19
2013,2,8,ロアッソ熊本,20
2013,2,8,ザスパクサツ群馬,21
2013,2,8,ＦＣ岐阜,22
2013,2,9,ヴィッセル神戸,1
2013,2,9,Ｖ・ファーレン長崎,2
2013,2,9,ガンバ大阪,3
2013,2,9,ファジアーノ岡山,4
2013,2,9,東京ヴェルディ,5
2013,2,9,カターレ富山,6
2013,2,9,愛媛ＦＣ,7
2013,2,9,アビスパ福岡,7
2013,2,9,栃木ＳＣ,7
2013,2,9,ジェフユナイテッド千葉,10
2013,2,9,コンサドーレ札幌,11
2013,2,9,水戸ホーリーホック,11
2013,2,9,京都サンガF.C.,13
2013,2,9,モンテディオ山形,14
2013,2,9,松本山雅ＦＣ,15
2013,2,9,徳島ヴォルティス,16
2013,2,9,ガイナーレ鳥取,17
2013,2,9,横浜ＦＣ,18
2013,2,9,ギラヴァンツ北九州,19
2013,2,9,ロアッソ熊本,20
2013,2,9,ザスパクサツ群馬,21
2013,2,9,ＦＣ岐阜,22
2013,2,10,ヴィッセル神戸,1
2013,2,10,ガンバ大阪,2
2013,2,10,ファジアーノ岡山,3
2013,2,10,Ｖ・ファーレン長崎,4
2013,2,10,栃木ＳＣ,5
2013,2,10,京都サンガF.C.,6
2013,2,10,水戸ホーリーホック,7
2013,2,10,モンテディオ山形,8
2013,2,10,アビスパ福岡,9
2013,2,10,東京ヴェルディ,10
2013,2,10,ジェフユナイテッド千葉,11
2013,2,10,愛媛ＦＣ,12
2013,2,10,カターレ富山,13
2013,2,10,徳島ヴォルティス,14
2013,2,10,コンサドーレ札幌,15
2013,2,10,松本山雅ＦＣ,16
2013,2,10,ガイナーレ鳥取,17
2013,2,10,横浜ＦＣ,18
2013,2,10,ギラヴァンツ北九州,19
2013,2,10,ロアッソ熊本,20
2013,2,10,ザスパクサツ群馬,21
2013,2,10,ＦＣ岐阜,22
2013,2,11,ヴィッセル神戸,1
2013,2,11,Ｖ・ファーレン長崎,2
2013,2,11,ガンバ大阪,3
2013,2,11,栃木ＳＣ,4
2013,2,11,ファジアーノ岡山,5
2013,2,11,京都サンガF.C.,6
2013,2,11,水戸ホーリーホック,7
2013,2,11,東京ヴェルディ,8
2013,2,11,モンテディオ山形,8
2013,2,11,松本山雅ＦＣ,10
2013,2,11,ジェフユナイテッド千葉,11
2013,2,11,カターレ富山,12
2013,2,11,アビスパ福岡,13
2013,2,11,愛媛ＦＣ,14
2013,2,11,コンサドーレ札幌,15
2013,2,11,徳島ヴォルティス,16
2013,2,11,ガイナーレ鳥取,17
2013,2,11,ロアッソ熊本,18
2013,2,11,横浜ＦＣ,19
2013,2,11,ザスパクサツ群馬,20
2013,2,11,ギラヴァンツ北九州,21
2013,2,11,ＦＣ岐阜,22
2013,2,12,ヴィッセル神戸,1
2013,2,12,ガンバ大阪,2
2013,2,12,Ｖ・ファーレン長崎,3
2013,2,12,栃木ＳＣ,4
2013,2,12,モンテディオ山形,5
2013,2,12,京都サンガF.C.,6
2013,2,12,ファジアーノ岡山,7
2013,2,12,ジェフユナイテッド千葉,8
2013,2,12,徳島ヴォルティス,9
2013,2,12,松本山雅ＦＣ,10
2013,2,12,アビスパ福岡,11
2013,2,12,水戸ホーリーホック,12
2013,2,12,東京ヴェルディ,13
2013,2,12,カターレ富山,14
2013,2,12,愛媛ＦＣ,15
2013,2,12,横浜ＦＣ,16
2013,2,12,ロアッソ熊本,17
2013,2,12,コンサドーレ札幌,18
2013,2,12,ガイナーレ鳥取,19
2013,2,12,ザスパクサツ群馬,20
2013,2,12,ギラヴァンツ北九州,21
2013,2,12,ＦＣ岐阜,22
2013,2,13,ヴィッセル神戸,1
2013,2,13,Ｖ・ファーレン長崎,2
2013,2,13,ガンバ大阪,3
2013,2,13,栃木ＳＣ,4
2013,2,13,ファジアーノ岡山,5
2013,2,13,ジェフユナイテッド千葉,6
2013,2,13,アビスパ福岡,7
2013,2,13,東京ヴェルディ,7
2013,2,13,松本山雅ＦＣ,7
2013,2,13,モンテディオ山形,10
2013,2,13,京都サンガF.C.,11
2013,2,13,愛媛ＦＣ,12
2013,2,13,水戸ホーリーホック,13
2013,2,13,ロアッソ熊本,14
2013,2,13,コンサドーレ札幌,15
2013,2,13,カターレ富山,16
2013,2,13,徳島ヴォルティス,17
2013,2,13,横浜ＦＣ,18
2013,2,13,ガイナーレ鳥取,19
2013,2,13,ザスパクサツ群馬,20
2013,2,13,ギラヴァンツ北九州,21
2013,2,13,ＦＣ岐阜,22
2013,2,14,ヴィッセル神戸,1
2013,2,14,ガンバ大阪,2
2013,2,14,Ｖ・ファーレン長崎,3
2013,2,14,ジェフユナイテッド千葉,4
2013,2,14,栃木ＳＣ,5
2013,2,14,ファジアーノ岡山,6
2013,2,14,京都サンガF.C.,7
2013,2,14,東京ヴェルディ,7
2013,2,14,松本山雅ＦＣ,9
2013,2,14,徳島ヴォルティス,10
2013,2,14,コンサドーレ札幌,11
2013,2,14,アビスパ福岡,12
2013,2,14,モンテディオ山形,13
2013,2,14,愛媛ＦＣ,14
2013,2,14,ロアッソ熊本,15
2013,2,14,水戸ホーリーホック,16
2013,2,14,カターレ富山,17
2013,2,14,横浜ＦＣ,18
2013,2,14,ガイナーレ鳥取,19
2013,2,14,ザスパクサツ群馬,20
2013,2,14,ギラヴァンツ北九州,21
2013,2,14,ＦＣ岐阜,22
2013,2,15,ヴィッセル神戸,1
2013,2,15,ガンバ大阪,2
2013,2,15,栃木ＳＣ,3
2013,2,15,ジェフユナイテッド千葉,4
2013,2,15,ファジアーノ岡山,5
2013,2,15,Ｖ・ファーレン長崎,6
2013,2,15,京都サンガF.C.,7
2013,2,15,東京ヴェルディ,8
2013,2,15,モンテディオ山形,9
2013,2,15,アビスパ福岡,10
2013,2,15,水戸ホーリーホック,11
2013,2,15,コンサドーレ札幌,12
2013,2,15,松本山雅ＦＣ,13
2013,2,15,徳島ヴォルティス,14
2013,2,15,愛媛ＦＣ,15
2013,2,15,ロアッソ熊本,16
2013,2,15,カターレ富山,17
2013,2,15,横浜ＦＣ,18
2013,2,15,ガイナーレ鳥取,19
2013,2,15,ギラヴァンツ北九州,20
2013,2,15,ザスパクサツ群馬,21
2013,2,15,ＦＣ岐阜,22
2013,2,16,ガンバ大阪,1
2013,2,16,ヴィッセル神戸,2
2013,2,16,Ｖ・ファーレン長崎,3
2013,2,16,京都サンガF.C.,4
2013,2,16,栃木ＳＣ,5
2013,2,16,ジェフユナイテッド千葉,6
2013,2,16,ファジアーノ岡山,7
2013,2,16,アビスパ福岡,8
2013,2,16,松本山雅ＦＣ,9
2013,2,16,水戸ホーリーホック,10
2013,2,16,東京ヴェルディ,11
2013,2,16,徳島ヴォルティス,12
2013,2,16,モンテディオ山形,13
2013,2,16,ロアッソ熊本,14
2013,2,16,コンサドーレ札幌,15
2013,2,16,愛媛ＦＣ,16
2013,2,16,ガイナーレ鳥取,17
2013,2,16,横浜ＦＣ,18
2013,2,16,カターレ富山,19
2013,2,16,ザスパクサツ群馬,20
2013,2,16,ギラヴァンツ北九州,20
2013,2,16,ＦＣ岐阜,22
2013,2,17,ガンバ大阪,1
2013,2,17,ヴィッセル神戸,2
2013,2,17,Ｖ・ファーレン長崎,3
2013,2,17,京都サンガF.C.,4
2013,2,17,栃木ＳＣ,5
2013,2,17,ファジアーノ岡山,6
2013,2,17,ジェフユナイテッド千葉,7
2013,2,17,東京ヴェルディ,8
2013,2,17,アビスパ福岡,9
2013,2,17,モンテディオ山形,10
2013,2,17,コンサドーレ札幌,11
2013,2,17,松本山雅ＦＣ,12
2013,2,17,水戸ホーリーホック,13
2013,2,17,徳島ヴォルティス,14
2013,2,17,ロアッソ熊本,15
2013,2,17,カターレ富山,16
2013,2,17,ガイナーレ鳥取,17
2013,2,17,愛媛ＦＣ,18
2013,2,17,横浜ＦＣ,19
2013,2,17,ギラヴァンツ北九州,20
2013,2,17,ザスパクサツ群馬,21
2013,2,17,ＦＣ岐阜,22
2013,2,18,ガンバ大阪,1
2013,2,18,ヴィッセル神戸,2
2013,2,18,Ｖ・ファーレン長崎,3
2013,2,18,京都サンガF.C.,4
2013,2,18,栃木ＳＣ,5
2013,2,18,ジェフユナイテッド千葉,6
2013,2,18,東京ヴェルディ,7
2013,2,18,ファジアーノ岡山,8
2013,2,18,松本山雅ＦＣ,9
2013,2,18,モンテディオ山形,10
2013,2,18,アビスパ福岡,11
2013,2,18,水戸ホーリーホック,12
2013,2,18,徳島ヴォルティス,13
2013,2,18,コンサドーレ札幌,14
2013,2,18,愛媛ＦＣ,15
2013,2,18,ロアッソ熊本,16
2013,2,18,カターレ富山,17
2013,2,18,横浜ＦＣ,18
2013,2,18,ガイナーレ鳥取,19
2013,2,18,ギラヴァンツ北九州,20
2013,2,18,ザスパクサツ群馬,21
2013,2,18,ＦＣ岐阜,22
2013,2,19,ガンバ大阪,1
2013,2,19,ヴィッセル神戸,2
2013,2,19,Ｖ・ファーレン長崎,3
2013,2,19,京都サンガF.C.,4
2013,2,19,栃木ＳＣ,5
2013,2,19,ジェフユナイテッド千葉,6
2013,2,19,ファジアーノ岡山,7
2013,2,19,モンテディオ山形,8
2013,2,19,アビスパ福岡,9
2013,2,19,東京ヴェルディ,10
2013,2,19,徳島ヴォルティス,11
2013,2,19,コンサドーレ札幌,12
2013,2,19,松本山雅ＦＣ,13
2013,2,19,水戸ホーリーホック,14
2013,2,19,愛媛ＦＣ,15
2013,2,19,ロアッソ熊本,16
2013,2,19,横浜ＦＣ,17
2013,2,19,カターレ富山,18
2013,2,19,ガイナーレ鳥取,19
2013,2,19,ギラヴァンツ北九州,20
2013,2,19,ＦＣ岐阜,21
2013,2,19,ザスパクサツ群馬,22
2013,2,20,ガンバ大阪,1
2013,2,20,ヴィッセル神戸,2
2013,2,20,Ｖ・ファーレン長崎,3
2013,2,20,京都サンガF.C.,4
2013,2,20,栃木ＳＣ,5
2013,2,20,ジェフユナイテッド千葉,6
2013,2,20,モンテディオ山形,7
2013,2,20,アビスパ福岡,8
2013,2,20,コンサドーレ札幌,9
2013,2,20,ファジアーノ岡山,10
2013,2,20,東京ヴェルディ,11
2013,2,20,水戸ホーリーホック,12
2013,2,20,徳島ヴォルティス,13
2013,2,20,松本山雅ＦＣ,14
2013,2,20,横浜ＦＣ,15
2013,2,20,ロアッソ熊本,16
2013,2,20,愛媛ＦＣ,17
2013,2,20,ギラヴァンツ北九州,18
2013,2,20,カターレ富山,19
2013,2,20,ガイナーレ鳥取,20
2013,2,20,ザスパクサツ群馬,21
2013,2,20,ＦＣ岐阜,22
2013,2,21,ガンバ大阪,1
2013,2,21,ヴィッセル神戸,2
2013,2,21,Ｖ・ファーレン長崎,3
2013,2,21,ジェフユナイテッド千葉,4
2013,2,21,京都サンガF.C.,5
2013,2,21,栃木ＳＣ,6
2013,2,21,モンテディオ山形,7
2013,2,21,アビスパ福岡,8
2013,2,21,ファジアーノ岡山,9
2013,2,21,コンサドーレ札幌,10
2013,2,21,東京ヴェルディ,11
2013,2,21,水戸ホーリーホック,12
2013,2,21,横浜ＦＣ,13
2013,2,21,松本山雅ＦＣ,14
2013,2,21,徳島ヴォルティス,15
2013,2,21,愛媛ＦＣ,16
2013,2,21,カターレ富山,17
2013,2,21,ロアッソ熊本,18
2013,2,21,ギラヴァンツ北九州,19
2013,2,21,ザスパクサツ群馬,20
2013,2,21,ガイナーレ鳥取,21
2013,2,21,ＦＣ岐阜,22
2013,2,22,ガンバ大阪,1
2013,2,22,ヴィッセル神戸,2
2013,2,22,Ｖ・ファーレン長崎,3
2013,2,22,京都サンガF.C.,4
2013,2,22,ジェフユナイテッド千葉,5
2013,2,22,アビスパ福岡,6
2013,2,22,栃木ＳＣ,7
2013,2,22,ファジアーノ岡山,8
2013,2,22,モンテディオ山形,9
2013,2,22,横浜ＦＣ,10
2013,2,22,松本山雅ＦＣ,11
2013,2,22,徳島ヴォルティス,12
2013,2,22,コンサドーレ札幌,13
2013,2,22,東京ヴェルディ,14
2013,2,22,水戸ホーリーホック,15
2013,2,22,愛媛ＦＣ,16
2013,2,22,ガイナーレ鳥取,17
2013,2,22,ロアッソ熊本,18
2013,2,22,カターレ富山,19
2013,2,22,ギラヴァンツ北九州,20
2013,2,22,ザスパクサツ群馬,21
2013,2,22,ＦＣ岐阜,22
2013,2,23,ガンバ大阪,1
2013,2,23,ヴィッセル神戸,2
2013,2,23,Ｖ・ファーレン長崎,3
2013,2,23,ジェフユナイテッド千葉,4
2013,2,23,京都サンガF.C.,5
2013,2,23,栃木ＳＣ,6
2013,2,23,ファジアーノ岡山,7
2013,2,23,アビスパ福岡,8
2013,2,23,モンテディオ山形,9
2013,2,23,コンサドーレ札幌,10
2013,2,23,松本山雅ＦＣ,10
2013,2,23,徳島ヴォルティス,12
2013,2,23,水戸ホーリーホック,13
2013,2,23,横浜ＦＣ,14
2013,2,23,東京ヴェルディ,15
2013,2,23,愛媛ＦＣ,16
2013,2,23,ガイナーレ鳥取,17
2013,2,23,カターレ富山,18
2013,2,23,ロアッソ熊本,19
2013,2,23,ギラヴァンツ北九州,20
2013,2,23,ザスパクサツ群馬,21
2013,2,23,ＦＣ岐阜,22
2013,2,24,ヴィッセル神戸,1
2013,2,24,ガンバ大阪,2
2013,2,24,Ｖ・ファーレン長崎,3
2013,2,24,ジェフユナイテッド千葉,4
2013,2,24,京都サンガF.C.,5
2013,2,24,アビスパ福岡,6
2013,2,24,徳島ヴォルティス,7
2013,2,24,栃木ＳＣ,8
2013,2,24,ファジアーノ岡山,9
2013,2,24,水戸ホーリーホック,10
2013,2,24,松本山雅ＦＣ,11
2013,2,24,モンテディオ山形,12
2013,2,24,東京ヴェルディ,13
2013,2,24,コンサドーレ札幌,14
2013,2,24,横浜ＦＣ,15
2013,2,24,愛媛ＦＣ,16
2013,2,24,ガイナーレ鳥取,17
2013,2,24,ロアッソ熊本,18
2013,2,24,カターレ富山,19
2013,2,24,ギラヴァンツ北九州,20
2013,2,24,ザスパクサツ群馬,21
2013,2,24,ＦＣ岐阜,22
2013,2,25,ガンバ大阪,1
2013,2,25,ヴィッセル神戸,2
2013,2,25,ジェフユナイテッド千葉,3
2013,2,25,Ｖ・ファーレン長崎,4
2013,2,25,京都サンガF.C.,5
2013,2,25,アビスパ福岡,6
2013,2,25,徳島ヴォルティス,7
2013,2,25,ファジアーノ岡山,8
2013,2,25,コンサドーレ札幌,9
2013,2,25,東京ヴェルディ,10
2013,2,25,栃木ＳＣ,11
2013,2,25,水戸ホーリーホック,12
2013,2,25,モンテディオ山形,13
2013,2,25,松本山雅ＦＣ,14
2013,2,25,横浜ＦＣ,15
2013,2,25,ロアッソ熊本,16
2013,2,25,ガイナーレ鳥取,17
2013,2,25,愛媛ＦＣ,18
2013,2,25,カターレ富山,19
2013,2,25,ギラヴァンツ北九州,20
2013,2,25,ザスパクサツ群馬,21
2013,2,25,ＦＣ岐阜,22
2013,2,26,ガンバ大阪,1
2013,2,26,ヴィッセル神戸,2
2013,2,26,ジェフユナイテッド千葉,3
2013,2,26,京都サンガF.C.,4
2013,2,26,Ｖ・ファーレン長崎,5
2013,2,26,徳島ヴォルティス,6
2013,2,26,アビスパ福岡,7
2013,2,26,コンサドーレ札幌,8
2013,2,26,水戸ホーリーホック,9
2013,2,26,ファジアーノ岡山,10
2013,2,26,松本山雅ＦＣ,11
2013,2,26,東京ヴェルディ,12
2013,2,26,栃木ＳＣ,13
2013,2,26,モンテディオ山形,14
2013,2,26,横浜ＦＣ,15
2013,2,26,愛媛ＦＣ,16
2013,2,26,ロアッソ熊本,17
2013,2,26,ガイナーレ鳥取,18
2013,2,26,カターレ富山,19
2013,2,26,ギラヴァンツ北九州,20
2013,2,26,ＦＣ岐阜,21
2013,2,26,ザスパクサツ群馬,22
2013,2,27,ガンバ大阪,1
2013,2,27,ヴィッセル神戸,2
2013,2,27,ジェフユナイテッド千葉,3
2013,2,27,Ｖ・ファーレン長崎,4
2013,2,27,京都サンガF.C.,4
2013,2,27,徳島ヴォルティス,6
2013,2,27,アビスパ福岡,7
2013,2,27,東京ヴェルディ,8
2013,2,27,コンサドーレ札幌,9
2013,2,27,ファジアーノ岡山,10
2013,2,27,水戸ホーリーホック,11
2013,2,27,松本山雅ＦＣ,12
2013,2,27,モンテディオ山形,13
2013,2,27,栃木ＳＣ,14
2013,2,27,横浜ＦＣ,15
2013,2,27,愛媛ＦＣ,16
2013,2,27,ロアッソ熊本,17
2013,2,27,カターレ富山,18
2013,2,27,ガイナーレ鳥取,19
2013,2,27,ギラヴァンツ北九州,20
2013,2,27,ザスパクサツ群馬,21
2013,2,27,ＦＣ岐阜,22
2013,2,28,ガンバ大阪,1
2013,2,28,ヴィッセル神戸,2
2013,2,28,ジェフユナイテッド千葉,3
2013,2,28,Ｖ・ファーレン長崎,4
2013,2,28,京都サンガF.C.,5
2013,2,28,徳島ヴォルティス,6
2013,2,28,東京ヴェルディ,7
2013,2,28,コンサドーレ札幌,8
2013,2,28,水戸ホーリーホック,9
2013,2,28,アビスパ福岡,10
2013,2,28,ファジアーノ岡山,11
2013,2,28,松本山雅ＦＣ,12
2013,2,28,モンテディオ山形,13
2013,2,28,栃木ＳＣ,14
2013,2,28,愛媛ＦＣ,15
2013,2,28,横浜ＦＣ,16
2013,2,28,カターレ富山,17
2013,2,28,ロアッソ熊本,18
2013,2,28,ギラヴァンツ北九州,19
2013,2,28,ガイナーレ鳥取,20
2013,2,28,ＦＣ岐阜,21
2013,2,28,ザスパクサツ群馬,22
2013,2,29,ガンバ大阪,1
2013,2,29,ヴィッセル神戸,2
2013,2,29,ジェフユナイテッド千葉,3
2013,2,29,徳島ヴォルティス,4
2013,2,29,Ｖ・ファーレン長崎,5
2013,2,29,京都サンガF.C.,6
2013,2,29,水戸ホーリーホック,7
2013,2,29,アビスパ福岡,8
2013,2,29,東京ヴェルディ,9
2013,2,29,ファジアーノ岡山,10
2013,2,29,コンサドーレ札幌,11
2013,2,29,松本山雅ＦＣ,12
2013,2,29,モンテディオ山形,13
2013,2,29,栃木ＳＣ,14
2013,2,29,愛媛ＦＣ,15
2013,2,29,横浜ＦＣ,16
2013,2,29,カターレ富山,17
2013,2,29,ロアッソ熊本,18
2013,2,29,ギラヴァンツ北九州,19
2013,2,29,ザスパクサツ群馬,20
2013,2,29,ガイナーレ鳥取,21
2013,2,29,ＦＣ岐阜,22
2013,2,30,ガンバ大阪,1
2013,2,30,ヴィッセル神戸,2
2013,2,30,徳島ヴォルティス,3
2013,2,30,ジェフユナイテッド千葉,4
2013,2,30,Ｖ・ファーレン長崎,5
2013,2,30,京都サンガF.C.,6
2013,2,30,コンサドーレ札幌,7
2013,2,30,ファジアーノ岡山,8
2013,2,30,水戸ホーリーホック,9
2013,2,30,アビスパ福岡,9
2013,2,30,松本山雅ＦＣ,11
2013,2,30,東京ヴェルディ,12
2013,2,30,モンテディオ山形,13
2013,2,30,栃木ＳＣ,14
2013,2,30,愛媛ＦＣ,15
2013,2,30,横浜ＦＣ,16
2013,2,30,ギラヴァンツ北九州,17
2013,2,30,カターレ富山,18
2013,2,30,ロアッソ熊本,19
2013,2,30,ザスパクサツ群馬,20
2013,2,30,ガイナーレ鳥取,21
2013,2,30,ＦＣ岐阜,22
2013,2,31,ガンバ大阪,1
2013,2,31,ヴィッセル神戸,2
2013,2,31,Ｖ・ファーレン長崎,3
2013,2,31,ジェフユナイテッド千葉,4
2013,2,31,徳島ヴォルティス,4
2013,2,31,京都サンガF.C.,6
2013,2,31,コンサドーレ札幌,7
2013,2,31,松本山雅ＦＣ,8
2013,2,31,水戸ホーリーホック,9
2013,2,31,ファジアーノ岡山,9
2013,2,31,アビスパ福岡,11
2013,2,31,モンテディオ山形,12
2013,2,31,東京ヴェルディ,13
2013,2,31,栃木ＳＣ,14
2013,2,31,横浜ＦＣ,15
2013,2,31,愛媛ＦＣ,16
2013,2,31,ギラヴァンツ北九州,17
2013,2,31,ザスパクサツ群馬,18
2013,2,31,カターレ富山,19
2013,2,31,ロアッソ熊本,20
2013,2,31,ガイナーレ鳥取,21
2013,2,31,ＦＣ岐阜,22
2013,2,32,ガンバ大阪,1
2013,2,32,ヴィッセル神戸,2
2013,2,32,Ｖ・ファーレン長崎,3
2013,2,32,ジェフユナイテッド千葉,4
2013,2,32,徳島ヴォルティス,5
2013,2,32,京都サンガF.C.,6
2013,2,32,松本山雅ＦＣ,7
2013,2,32,コンサドーレ札幌,8
2013,2,32,モンテディオ山形,9
2013,2,32,東京ヴェルディ,10
2013,2,32,ファジアーノ岡山,11
2013,2,32,アビスパ福岡,12
2013,2,32,水戸ホーリーホック,13
2013,2,32,栃木ＳＣ,14
2013,2,32,横浜ＦＣ,15
2013,2,32,愛媛ＦＣ,16
2013,2,32,ギラヴァンツ北九州,17
2013,2,32,カターレ富山,18
2013,2,32,ザスパクサツ群馬,19
2013,2,32,ロアッソ熊本,20
2013,2,32,ガイナーレ鳥取,21
2013,2,32,ＦＣ岐阜,22
2013,2,33,ガンバ大阪,1
2013,2,33,ヴィッセル神戸,2
2013,2,33,徳島ヴォルティス,3
2013,2,33,Ｖ・ファーレン長崎,4
2013,2,33,ジェフユナイテッド千葉,5
2013,2,33,京都サンガF.C.,6
2013,2,33,松本山雅ＦＣ,7
2013,2,33,ファジアーノ岡山,8
2013,2,33,コンサドーレ札幌,9
2013,2,33,モンテディオ山形,10
2013,2,33,東京ヴェルディ,11
2013,2,33,アビスパ福岡,12
2013,2,33,水戸ホーリーホック,13
2013,2,33,栃木ＳＣ,14
2013,2,33,横浜ＦＣ,15
2013,2,33,愛媛ＦＣ,16
2013,2,33,ギラヴァンツ北九州,17
2013,2,33,ロアッソ熊本,18
2013,2,33,カターレ富山,19
2013,2,33,ザスパクサツ群馬,20
2013,2,33,ＦＣ岐阜,21
2013,2,33,ガイナーレ鳥取,22
2013,2,34,ヴィッセル神戸,1
2013,2,34,ガンバ大阪,2
2013,2,34,京都サンガF.C.,3
2013,2,34,徳島ヴォルティス,4
2013,2,34,Ｖ・ファーレン長崎,5
2013,2,34,ジェフユナイテッド千葉,6
2013,2,34,コンサドーレ札幌,7
2013,2,34,モンテディオ山形,8
2013,2,34,松本山雅ＦＣ,9
2013,2,34,東京ヴェルディ,10
2013,2,34,ファジアーノ岡山,11
2013,2,34,栃木ＳＣ,12
2013,2,34,水戸ホーリーホック,13
2013,2,34,横浜ＦＣ,14
2013,2,34,アビスパ福岡,15
2013,2,34,ギラヴァンツ北九州,16
2013,2,34,愛媛ＦＣ,17
2013,2,34,ロアッソ熊本,18
2013,2,34,カターレ富山,19
2013,2,34,ＦＣ岐阜,20
2013,2,34,ザスパクサツ群馬,21
2013,2,34,ガイナーレ鳥取,22
2013,2,35,ヴィッセル神戸,1
2013,2,35,ガンバ大阪,2
2013,2,35,京都サンガF.C.,3
2013,2,35,徳島ヴォルティス,4
2013,2,35,Ｖ・ファーレン長崎,5
2013,2,35,ジェフユナイテッド千葉,6
2013,2,35,ファジアーノ岡山,7
2013,2,35,東京ヴェルディ,8
2013,2,35,松本山雅ＦＣ,9
2013,2,35,コンサドーレ札幌,10
2013,2,35,モンテディオ山形,11
2013,2,35,栃木ＳＣ,12
2013,2,35,水戸ホーリーホック,13
2013,2,35,横浜ＦＣ,14
2013,2,35,アビスパ福岡,15
2013,2,35,ギラヴァンツ北九州,16
2013,2,35,愛媛ＦＣ,17
2013,2,35,ロアッソ熊本,18
2013,2,35,カターレ富山,19
2013,2,35,ＦＣ岐阜,20
2013,2,35,ザスパクサツ群馬,21
2013,2,35,ガイナーレ鳥取,22
2013,2,36,ヴィッセル神戸,1
2013,2,36,ガンバ大阪,2
2013,2,36,京都サンガF.C.,3
2013,2,36,徳島ヴォルティス,4
2013,2,36,ジェフユナイテッド千葉,5
2013,2,36,Ｖ・ファーレン長崎,6
2013,2,36,松本山雅ＦＣ,7
2013,2,36,ファジアーノ岡山,8
2013,2,36,モンテディオ山形,9
2013,2,36,コンサドーレ札幌,10
2013,2,36,東京ヴェルディ,11
2013,2,36,栃木ＳＣ,12
2013,2,36,アビスパ福岡,13
2013,2,36,水戸ホーリーホック,14
2013,2,36,横浜ＦＣ,15
2013,2,36,愛媛ＦＣ,16
2013,2,36,ギラヴァンツ北九州,17
2013,2,36,ロアッソ熊本,18
2013,2,36,カターレ富山,19
2013,2,36,ザスパクサツ群馬,20
2013,2,36,ＦＣ岐阜,21
2013,2,36,ガイナーレ鳥取,22
2013,2,37,ヴィッセル神戸,1
2013,2,37,ガンバ大阪,2
2013,2,37,京都サンガF.C.,3
2013,2,37,ジェフユナイテッド千葉,4
2013,2,37,Ｖ・ファーレン長崎,5
2013,2,37,徳島ヴォルティス,6
2013,2,37,コンサドーレ札幌,7
2013,2,37,松本山雅ＦＣ,8
2013,2,37,栃木ＳＣ,9
2013,2,37,ファジアーノ岡山,10
2013,2,37,東京ヴェルディ,11
2013,2,37,モンテディオ山形,12
2013,2,37,横浜ＦＣ,13
2013,2,37,水戸ホーリーホック,14
2013,2,37,アビスパ福岡,15
2013,2,37,愛媛ＦＣ,16
2013,2,37,ギラヴァンツ北九州,17
2013,2,37,ロアッソ熊本,18
2013,2,37,カターレ富山,19
2013,2,37,ザスパクサツ群馬,20
2013,2,37,ＦＣ岐阜,21
2013,2,37,ガイナーレ鳥取,22
2013,2,38,ヴィッセル神戸,1
2013,2,38,ガンバ大阪,2
2013,2,38,京都サンガF.C.,3
2013,2,38,ジェフユナイテッド千葉,4
2013,2,38,Ｖ・ファーレン長崎,5
2013,2,38,徳島ヴォルティス,6
2013,2,38,松本山雅ＦＣ,7
2013,2,38,栃木ＳＣ,8
2013,2,38,モンテディオ山形,9
2013,2,38,東京ヴェルディ,10
2013,2,38,コンサドーレ札幌,11
2013,2,38,ファジアーノ岡山,12
2013,2,38,横浜ＦＣ,13
2013,2,38,水戸ホーリーホック,14
2013,2,38,アビスパ福岡,14
2013,2,38,愛媛ＦＣ,16
2013,2,38,ロアッソ熊本,17
2013,2,38,ギラヴァンツ北九州,18
2013,2,38,カターレ富山,19
2013,2,38,ザスパクサツ群馬,20
2013,2,38,ＦＣ岐阜,21
2013,2,38,ガイナーレ鳥取,22
2013,2,39,ガンバ大阪,1
2013,2,39,ヴィッセル神戸,2
2013,2,39,京都サンガF.C.,3
2013,2,39,ジェフユナイテッド千葉,4
2013,2,39,Ｖ・ファーレン長崎,5
2013,2,39,松本山雅ＦＣ,6
2013,2,39,徳島ヴォルティス,7
2013,2,39,コンサドーレ札幌,8
2013,2,39,ファジアーノ岡山,9
2013,2,39,栃木ＳＣ,10
2013,2,39,モンテディオ山形,11
2013,2,39,東京ヴェルディ,12
2013,2,39,アビスパ福岡,13
2013,2,39,水戸ホーリーホック,14
2013,2,39,横浜ＦＣ,15
2013,2,39,ギラヴァンツ北九州,16
2013,2,39,愛媛ＦＣ,17
2013,2,39,ロアッソ熊本,18
2013,2,39,カターレ富山,19
2013,2,39,ザスパクサツ群馬,20
2013,2,39,ＦＣ岐阜,21
2013,2,39,ガイナーレ鳥取,22
2013,2,40,ガンバ大阪,1
2013,2,40,ヴィッセル神戸,2
2013,2,40,京都サンガF.C.,3
2013,2,40,Ｖ・ファーレン長崎,4
2013,2,40,ジェフユナイテッド千葉,5
2013,2,40,徳島ヴォルティス,6
2013,2,40,コンサドーレ札幌,7
2013,2,40,松本山雅ＦＣ,8
2013,2,40,栃木ＳＣ,9
2013,2,40,モンテディオ山形,10
2013,2,40,ファジアーノ岡山,11
2013,2,40,東京ヴェルディ,12
2013,2,40,水戸ホーリーホック,13
2013,2,40,横浜ＦＣ,13
2013,2,40,アビスパ福岡,15
2013,2,40,愛媛ＦＣ,16
2013,2,40,ギラヴァンツ北九州,17
2013,2,40,ロアッソ熊本,18
2013,2,40,カターレ富山,19
2013,2,40,ザスパクサツ群馬,20
2013,2,40,ＦＣ岐阜,21
2013,2,40,ガイナーレ鳥取,22
2013,2,41,ガンバ大阪,1
2013,2,41,ヴィッセル神戸,2
2013,2,41,京都サンガF.C.,3
2013,2,41,Ｖ・ファーレン長崎,4
2013,2,41,ジェフユナイテッド千葉,5
2013,2,41,徳島ヴォルティス,6
2013,2,41,コンサドーレ札幌,7
2013,2,41,松本山雅ＦＣ,8
2013,2,41,栃木ＳＣ,9
2013,2,41,モンテディオ山形,10
2013,2,41,ファジアーノ岡山,11
2013,2,41,水戸ホーリーホック,12
2013,2,41,横浜ＦＣ,13
2013,2,41,東京ヴェルディ,14
2013,2,41,アビスパ福岡,15
2013,2,41,ギラヴァンツ北九州,16
2013,2,41,愛媛ＦＣ,17
2013,2,41,カターレ富山,18
2013,2,41,ロアッソ熊本,19
2013,2,41,ザスパクサツ群馬,20
2013,2,41,ＦＣ岐阜,21
2013,2,41,ガイナーレ鳥取,22
2013,2,42,ガンバ大阪,1
2013,2,42,ヴィッセル神戸,2
2013,2,42,京都サンガF.C.,3
2013,2,42,徳島ヴォルティス,4
2013,2,42,松本山雅ＦＣ,5
2013,2,42,ジェフユナイテッド千葉,6
2013,2,42,Ｖ・ファーレン長崎,7
2013,2,42,コンサドーレ札幌,8
2013,2,42,栃木ＳＣ,9
2013,2,42,モンテディオ山形,10
2013,2,42,横浜ＦＣ,11
2013,2,42,アビスパ福岡,12
2013,2,42,東京ヴェルディ,13
2013,2,42,ファジアーノ岡山,14
2013,2,42,水戸ホーリーホック,15
2013,2,42,ギラヴァンツ北九州,16
2013,2,42,愛媛ＦＣ,17
2013,2,42,カターレ富山,18
2013,2,42,ロアッソ熊本,19
2013,2,42,ザスパクサツ群馬,20
2013,2,42,ＦＣ岐阜,21
2013,2,42,ガイナーレ鳥取,22
2014,1,1,サガン鳥栖,1
2014,1,1,鹿島アントラーズ,2
2014,1,1,横浜Ｆ・マリノス,3
2014,1,1,清水エスパルス,4
2014,1,1,アルビレックス新潟,5
2014,1,1,サンフレッチェ広島,6
2014,1,1,浦和レッズ,6
2014,1,1,川崎フロンターレ,8
2014,1,1,ヴィッセル神戸,8
2014,1,1,ＦＣ東京,10
2014,1,1,柏レイソル,10
2014,1,1,名古屋グランパス,12
2014,1,1,ベガルタ仙台,13
2014,1,1,セレッソ大阪,14
2014,1,1,ガンバ大阪,14
2014,1,1,大宮アルディージャ,16
2014,1,1,ヴァンフォーレ甲府,17
2014,1,1,徳島ヴォルティス,18
2014,1,2,鹿島アントラーズ,1
2014,1,2,サンフレッチェ広島,2
2014,1,2,サガン鳥栖,3
2014,1,2,横浜Ｆ・マリノス,3
2014,1,2,ガンバ大阪,5
2014,1,2,セレッソ大阪,5
2014,1,2,名古屋グランパス,7
2014,1,2,浦和レッズ,8
2014,1,2,清水エスパルス,8
2014,1,2,アルビレックス新潟,10
2014,1,2,柏レイソル,11
2014,1,2,ヴィッセル神戸,11
2014,1,2,ＦＣ東京,11
2014,1,2,ヴァンフォーレ甲府,14
2014,1,2,川崎フロンターレ,15
2014,1,2,大宮アルディージャ,16
2014,1,2,ベガルタ仙台,17
2014,1,2,徳島ヴォルティス,17
2014,1,3,横浜Ｆ・マリノス,1
2014,1,3,鹿島アントラーズ,1
2014,1,3,セレッソ大阪,3
2014,1,3,浦和レッズ,4
2014,1,3,名古屋グランパス,5
2014,1,3,サンフレッチェ広島,6
2014,1,3,サガン鳥栖,7
2014,1,3,ヴィッセル神戸,8
2014,1,3,アルビレックス新潟,9
2014,1,3,ガンバ大阪,10
2014,1,3,大宮アルディージャ,11
2014,1,3,清水エスパルス,12
2014,1,3,ヴァンフォーレ甲府,13
2014,1,3,ＦＣ東京,14
2014,1,3,柏レイソル,15
2014,1,3,ベガルタ仙台,16
2014,1,3,川崎フロンターレ,17
2014,1,3,徳島ヴォルティス,18
2014,1,4,セレッソ大阪,1
2014,1,4,名古屋グランパス,2
2014,1,4,横浜Ｆ・マリノス,3
2014,1,4,鹿島アントラーズ,4
2014,1,4,アルビレックス新潟,5
2014,1,4,サンフレッチェ広島,6
2014,1,4,浦和レッズ,6
2014,1,4,大宮アルディージャ,8
2014,1,4,サガン鳥栖,9
2014,1,4,柏レイソル,10
2014,1,4,ヴァンフォーレ甲府,11
2014,1,4,ガンバ大阪,12
2014,1,4,ヴィッセル神戸,13
2014,1,4,川崎フロンターレ,14
2014,1,4,清水エスパルス,15
2014,1,4,ＦＣ東京,16
2014,1,4,ベガルタ仙台,17
2014,1,4,徳島ヴォルティス,18
2014,1,5,鹿島アントラーズ,1
2014,1,5,サンフレッチェ広島,2
2014,1,5,セレッソ大阪,3
2014,1,5,サガン鳥栖,4
2014,1,5,名古屋グランパス,5
2014,1,5,横浜Ｆ・マリノス,6
2014,1,5,ヴィッセル神戸,7
2014,1,5,アルビレックス新潟,8
2014,1,5,川崎フロンターレ,9
2014,1,5,大宮アルディージャ,10
2014,1,5,浦和レッズ,11
2014,1,5,柏レイソル,12
2014,1,5,ヴァンフォーレ甲府,13
2014,1,5,ＦＣ東京,14
2014,1,5,ガンバ大阪,15
2014,1,5,清水エスパルス,16
2014,1,5,ベガルタ仙台,17
2014,1,5,徳島ヴォルティス,18
2014,1,6,鹿島アントラーズ,1
2014,1,6,サンフレッチェ広島,2
2014,1,6,ヴィッセル神戸,3
2014,1,6,川崎フロンターレ,4
2014,1,6,浦和レッズ,4
2014,1,6,横浜Ｆ・マリノス,6
2014,1,6,セレッソ大阪,7
2014,1,6,柏レイソル,8
2014,1,6,アルビレックス新潟,9
2014,1,6,サガン鳥栖,10
2014,1,6,名古屋グランパス,11
2014,1,6,ＦＣ東京,12
2014,1,6,清水エスパルス,13
2014,1,6,大宮アルディージャ,14
2014,1,6,ヴァンフォーレ甲府,15
2014,1,6,ガンバ大阪,16
2014,1,6,ベガルタ仙台,17
2014,1,6,徳島ヴォルティス,18
2014,1,7,サンフレッチェ広島,1
2014,1,7,鹿島アントラーズ,2
2014,1,7,ヴィッセル神戸,3
2014,1,7,浦和レッズ,4
2014,1,7,サガン鳥栖,5
2014,1,7,アルビレックス新潟,6
2014,1,7,セレッソ大阪,7
2014,1,7,川崎フロンターレ,8
2014,1,7,清水エスパルス,9
2014,1,7,柏レイソル,10
2014,1,7,横浜Ｆ・マリノス,11
2014,1,7,名古屋グランパス,12
2014,1,7,ＦＣ東京,13
2014,1,7,大宮アルディージャ,14
2014,1,7,ガンバ大阪,15
2014,1,7,ヴァンフォーレ甲府,16
2014,1,7,ベガルタ仙台,17
2014,1,7,徳島ヴォルティス,18
2014,1,8,ヴィッセル神戸,1
2014,1,8,サンフレッチェ広島,2
2014,1,8,浦和レッズ,3
2014,1,8,サガン鳥栖,4
2014,1,8,鹿島アントラーズ,5
2014,1,8,清水エスパルス,6
2014,1,8,アルビレックス新潟,7
2014,1,8,ＦＣ東京,8
2014,1,8,柏レイソル,9
2014,1,8,横浜Ｆ・マリノス,9
2014,1,8,川崎フロンターレ,11
2014,1,8,セレッソ大阪,12
2014,1,8,ヴァンフォーレ甲府,13
2014,1,8,ガンバ大阪,14
2014,1,8,名古屋グランパス,15
2014,1,8,大宮アルディージャ,16
2014,1,8,ベガルタ仙台,17
2014,1,8,徳島ヴォルティス,18
2014,1,9,鹿島アントラーズ,1
2014,1,9,サガン鳥栖,2
2014,1,9,ヴィッセル神戸,3
2014,1,9,サンフレッチェ広島,4
2014,1,9,アルビレックス新潟,5
2014,1,9,清水エスパルス,6
2014,1,9,浦和レッズ,7
2014,1,9,柏レイソル,8
2014,1,9,川崎フロンターレ,9
2014,1,9,ＦＣ東京,10
2014,1,9,ヴァンフォーレ甲府,11
2014,1,9,セレッソ大阪,12
2014,1,9,横浜Ｆ・マリノス,13
2014,1,9,名古屋グランパス,14
2014,1,9,ガンバ大阪,15
2014,1,9,大宮アルディージャ,16
2014,1,9,ベガルタ仙台,17
2014,1,9,徳島ヴォルティス,18
2014,1,10,鹿島アントラーズ,1
2014,1,10,サンフレッチェ広島,2
2014,1,10,浦和レッズ,3
2014,1,10,ヴィッセル神戸,4
2014,1,10,サガン鳥栖,5
2014,1,10,柏レイソル,6
2014,1,10,アルビレックス新潟,7
2014,1,10,清水エスパルス,8
2014,1,10,川崎フロンターレ,9
2014,1,10,ＦＣ東京,10
2014,1,10,セレッソ大阪,11
2014,1,10,名古屋グランパス,12
2014,1,10,ヴァンフォーレ甲府,13
2014,1,10,横浜Ｆ・マリノス,14
2014,1,10,ガンバ大阪,15
2014,1,10,大宮アルディージャ,16
2014,1,10,ベガルタ仙台,17
2014,1,10,徳島ヴォルティス,18
2014,1,11,浦和レッズ,1
2014,1,11,サガン鳥栖,2
2014,1,11,サンフレッチェ広島,3
2014,1,11,鹿島アントラーズ,4
2014,1,11,柏レイソル,5
2014,1,11,ヴィッセル神戸,6
2014,1,11,川崎フロンターレ,7
2014,1,11,アルビレックス新潟,8
2014,1,11,セレッソ大阪,9
2014,1,11,清水エスパルス,10
2014,1,11,横浜Ｆ・マリノス,11
2014,1,11,ＦＣ東京,12
2014,1,11,名古屋グランパス,13
2014,1,11,ヴァンフォーレ甲府,14
2014,1,11,ベガルタ仙台,15
2014,1,11,大宮アルディージャ,16
2014,1,11,ガンバ大阪,17
2014,1,11,徳島ヴォルティス,18
2014,1,12,サガン鳥栖,1
2014,1,12,浦和レッズ,2
2014,1,12,川崎フロンターレ,3
2014,1,12,アルビレックス新潟,3
2014,1,12,サンフレッチェ広島,5
2014,1,12,鹿島アントラーズ,5
2014,1,12,ヴィッセル神戸,7
2014,1,12,柏レイソル,8
2014,1,12,横浜Ｆ・マリノス,9
2014,1,12,セレッソ大阪,10
2014,1,12,清水エスパルス,10
2014,1,12,名古屋グランパス,12
2014,1,12,ＦＣ東京,13
2014,1,12,ヴァンフォーレ甲府,14
2014,1,12,ガンバ大阪,15
2014,1,12,ベガルタ仙台,16
2014,1,12,大宮アルディージャ,17
2014,1,12,徳島ヴォルティス,18
2014,1,13,サガン鳥栖,1
2014,1,13,浦和レッズ,2
2014,1,13,川崎フロンターレ,3
2014,1,13,ヴィッセル神戸,4
2014,1,13,柏レイソル,4
2014,1,13,サンフレッチェ広島,6
2014,1,13,アルビレックス新潟,7
2014,1,13,鹿島アントラーズ,8
2014,1,13,清水エスパルス,9
2014,1,13,横浜Ｆ・マリノス,10
2014,1,13,セレッソ大阪,11
2014,1,13,ガンバ大阪,12
2014,1,13,ベガルタ仙台,13
2014,1,13,ＦＣ東京,14
2014,1,13,名古屋グランパス,15
2014,1,13,ヴァンフォーレ甲府,16
2014,1,13,大宮アルディージャ,17
2014,1,13,徳島ヴォルティス,18
2014,1,14,浦和レッズ,1
2014,1,14,サガン鳥栖,2
2014,1,14,鹿島アントラーズ,3
2014,1,14,ヴィッセル神戸,4
2014,1,14,川崎フロンターレ,5
2014,1,14,柏レイソル,6
2014,1,14,アルビレックス新潟,7
2014,1,14,サンフレッチェ広島,8
2014,1,14,横浜Ｆ・マリノス,9
2014,1,14,ＦＣ東京,10
2014,1,14,ベガルタ仙台,11
2014,1,14,清水エスパルス,12
2014,1,14,ヴァンフォーレ甲府,13
2014,1,14,名古屋グランパス,14
2014,1,14,セレッソ大阪,15
2014,1,14,ガンバ大阪,16
2014,1,14,大宮アルディージャ,17
2014,1,14,徳島ヴォルティス,18
2014,1,15,浦和レッズ,1
2014,1,15,サガン鳥栖,2
2014,1,15,川崎フロンターレ,3
2014,1,15,鹿島アントラーズ,4
2014,1,15,柏レイソル,5
2014,1,15,ヴィッセル神戸,6
2014,1,15,サンフレッチェ広島,7
2014,1,15,アルビレックス新潟,8
2014,1,15,横浜Ｆ・マリノス,9
2014,1,15,ＦＣ東京,10
2014,1,15,ベガルタ仙台,11
2014,1,15,ガンバ大阪,12
2014,1,15,清水エスパルス,13
2014,1,15,セレッソ大阪,14
2014,1,15,名古屋グランパス,15
2014,1,15,ヴァンフォーレ甲府,16
2014,1,15,大宮アルディージャ,17
2014,1,15,徳島ヴォルティス,18
2014,1,16,浦和レッズ,1
2014,1,16,サガン鳥栖,2
2014,1,16,川崎フロンターレ,3
2014,1,16,サンフレッチェ広島,4
2014,1,16,鹿島アントラーズ,5
2014,1,16,ヴィッセル神戸,6
2014,1,16,柏レイソル,7
2014,1,16,ＦＣ東京,8
2014,1,16,横浜Ｆ・マリノス,9
2014,1,16,アルビレックス新潟,10
2014,1,16,ガンバ大阪,11
2014,1,16,ベガルタ仙台,12
2014,1,16,名古屋グランパス,13
2014,1,16,セレッソ大阪,14
2014,1,16,清水エスパルス,15
2014,1,16,ヴァンフォーレ甲府,16
2014,1,16,大宮アルディージャ,17
2014,1,16,徳島ヴォルティス,18
2014,1,17,浦和レッズ,1
2014,1,17,サガン鳥栖,2
2014,1,17,川崎フロンターレ,3
2014,1,17,鹿島アントラーズ,4
2014,1,17,サンフレッチェ広島,4
2014,1,17,ＦＣ東京,6
2014,1,17,ヴィッセル神戸,7
2014,1,17,ガンバ大阪,8
2014,1,17,柏レイソル,9
2014,1,17,横浜Ｆ・マリノス,10
2014,1,17,アルビレックス新潟,11
2014,1,17,清水エスパルス,12
2014,1,17,ベガルタ仙台,13
2014,1,17,名古屋グランパス,14
2014,1,17,ヴァンフォーレ甲府,15
2014,1,17,セレッソ大阪,16
2014,1,17,大宮アルディージャ,17
2014,1,17,徳島ヴォルティス,18
2014,1,18,サガン鳥栖,1
2014,1,18,浦和レッズ,2
2014,1,18,川崎フロンターレ,3
2014,1,18,鹿島アントラーズ,4
2014,1,18,ＦＣ東京,5
2014,1,18,柏レイソル,6
2014,1,18,ガンバ大阪,7
2014,1,18,サンフレッチェ広島,8
2014,1,18,ヴィッセル神戸,9
2014,1,18,アルビレックス新潟,10
2014,1,18,横浜Ｆ・マリノス,11
2014,1,18,ベガルタ仙台,12
2014,1,18,清水エスパルス,13
2014,1,18,ヴァンフォーレ甲府,14
2014,1,18,名古屋グランパス,15
2014,1,18,セレッソ大阪,16
2014,1,18,大宮アルディージャ,17
2014,1,18,徳島ヴォルティス,18
2014,1,19,浦和レッズ,1
2014,1,19,サガン鳥栖,2
2014,1,19,川崎フロンターレ,3
2014,1,19,鹿島アントラーズ,4
2014,1,19,ガンバ大阪,5
2014,1,19,サンフレッチェ広島,6
2014,1,19,ヴィッセル神戸,7
2014,1,19,ＦＣ東京,8
2014,1,19,柏レイソル,9
2014,1,19,アルビレックス新潟,10
2014,1,19,清水エスパルス,11
2014,1,19,横浜Ｆ・マリノス,12
2014,1,19,ベガルタ仙台,13
2014,1,19,ヴァンフォーレ甲府,14
2014,1,19,セレッソ大阪,15
2014,1,19,名古屋グランパス,16
2014,1,19,大宮アルディージャ,17
2014,1,19,徳島ヴォルティス,18
2014,1,20,浦和レッズ,1
2014,1,20,川崎フロンターレ,2
2014,1,20,サガン鳥栖,3
2014,1,20,鹿島アントラーズ,4
2014,1,20,ＦＣ東京,5
2014,1,20,柏レイソル,6
2014,1,20,サンフレッチェ広島,7
2014,1,20,ガンバ大阪,7
2014,1,20,ヴィッセル神戸,9
2014,1,20,アルビレックス新潟,10
2014,1,20,横浜Ｆ・マリノス,11
2014,1,20,ベガルタ仙台,12
2014,1,20,清水エスパルス,13
2014,1,20,名古屋グランパス,14
2014,1,20,ヴァンフォーレ甲府,15
2014,1,20,セレッソ大阪,16
2014,1,20,大宮アルディージャ,17
2014,1,20,徳島ヴォルティス,18
2014,1,21,浦和レッズ,1
2014,1,21,サガン鳥栖,2
2014,1,21,鹿島アントラーズ,3
2014,1,21,川崎フロンターレ,4
2014,1,21,ＦＣ東京,5
2014,1,21,ヴィッセル神戸,6
2014,1,21,柏レイソル,7
2014,1,21,ガンバ大阪,8
2014,1,21,サンフレッチェ広島,9
2014,1,21,横浜Ｆ・マリノス,10
2014,1,21,アルビレックス新潟,11
2014,1,21,ベガルタ仙台,12
2014,1,21,清水エスパルス,13
2014,1,21,名古屋グランパス,14
2014,1,21,ヴァンフォーレ甲府,15
2014,1,21,セレッソ大阪,16
2014,1,21,大宮アルディージャ,17
2014,1,21,徳島ヴォルティス,18
2014,1,22,浦和レッズ,1
2014,1,22,サガン鳥栖,2
2014,1,22,鹿島アントラーズ,3
2014,1,22,川崎フロンターレ,4
2014,1,22,柏レイソル,5
2014,1,22,ヴィッセル神戸,6
2014,1,22,ガンバ大阪,7
2014,1,22,サンフレッチェ広島,8
2014,1,22,ＦＣ東京,9
2014,1,22,横浜Ｆ・マリノス,10
2014,1,22,アルビレックス新潟,11
2014,1,22,清水エスパルス,12
2014,1,22,ベガルタ仙台,13
2014,1,22,名古屋グランパス,14
2014,1,22,ヴァンフォーレ甲府,15
2014,1,22,セレッソ大阪,16
2014,1,22,大宮アルディージャ,17
2014,1,22,徳島ヴォルティス,18
2014,1,23,浦和レッズ,1
2014,1,23,川崎フロンターレ,2
2014,1,23,サガン鳥栖,3
2014,1,23,鹿島アントラーズ,4
2014,1,23,ガンバ大阪,5
2014,1,23,ヴィッセル神戸,6
2014,1,23,ＦＣ東京,7
2014,1,23,柏レイソル,8
2014,1,23,サンフレッチェ広島,9
2014,1,23,横浜Ｆ・マリノス,10
2014,1,23,アルビレックス新潟,11
2014,1,23,名古屋グランパス,12
2014,1,23,ベガルタ仙台,13
2014,1,23,清水エスパルス,14
2014,1,23,ヴァンフォーレ甲府,15
2014,1,23,セレッソ大阪,16
2014,1,23,大宮アルディージャ,17
2014,1,23,徳島ヴォルティス,18
2014,1,24,浦和レッズ,1
2014,1,24,サガン鳥栖,2
2014,1,24,川崎フロンターレ,3
2014,1,24,鹿島アントラーズ,4
2014,1,24,ガンバ大阪,5
2014,1,24,ヴィッセル神戸,6
2014,1,24,サンフレッチェ広島,7
2014,1,24,ＦＣ東京,8
2014,1,24,柏レイソル,9
2014,1,24,横浜Ｆ・マリノス,10
2014,1,24,アルビレックス新潟,11
2014,1,24,名古屋グランパス,12
2014,1,24,ベガルタ仙台,13
2014,1,24,清水エスパルス,14
2014,1,24,ヴァンフォーレ甲府,15
2014,1,24,セレッソ大阪,16
2014,1,24,大宮アルディージャ,17
2014,1,24,徳島ヴォルティス,18
2014,1,25,浦和レッズ,1
2014,1,25,川崎フロンターレ,2
2014,1,25,鹿島アントラーズ,3
2014,1,25,サガン鳥栖,4
2014,1,25,ガンバ大阪,5
2014,1,25,ＦＣ東京,6
2014,1,25,ヴィッセル神戸,7
2014,1,25,柏レイソル,8
2014,1,25,サンフレッチェ広島,9
2014,1,25,横浜Ｆ・マリノス,10
2014,1,25,名古屋グランパス,11
2014,1,25,アルビレックス新潟,12
2014,1,25,ヴァンフォーレ甲府,13
2014,1,25,ベガルタ仙台,14
2014,1,25,清水エスパルス,15
2014,1,25,セレッソ大阪,16
2014,1,25,大宮アルディージャ,17
2014,1,25,徳島ヴォルティス,18
2014,1,26,浦和レッズ,1
2014,1,26,鹿島アントラーズ,2
2014,1,26,川崎フロンターレ,3
2014,1,26,ガンバ大阪,4
2014,1,26,サガン鳥栖,5
2014,1,26,ＦＣ東京,6
2014,1,26,ヴィッセル神戸,7
2014,1,26,サンフレッチェ広島,8
2014,1,26,柏レイソル,9
2014,1,26,横浜Ｆ・マリノス,10
2014,1,26,アルビレックス新潟,11
2014,1,26,名古屋グランパス,12
2014,1,26,ヴァンフォーレ甲府,13
2014,1,26,セレッソ大阪,14
2014,1,26,ベガルタ仙台,15
2014,1,26,大宮アルディージャ,16
2014,1,26,清水エスパルス,17
2014,1,26,徳島ヴォルティス,18
2014,1,27,浦和レッズ,1
2014,1,27,ガンバ大阪,2
2014,1,27,鹿島アントラーズ,3
2014,1,27,川崎フロンターレ,4
2014,1,27,サガン鳥栖,5
2014,1,27,ＦＣ東京,6
2014,1,27,ヴィッセル神戸,7
2014,1,27,柏レイソル,8
2014,1,27,サンフレッチェ広島,8
2014,1,27,アルビレックス新潟,10
2014,1,27,横浜Ｆ・マリノス,11
2014,1,27,名古屋グランパス,12
2014,1,27,ベガルタ仙台,13
2014,1,27,清水エスパルス,14
2014,1,27,大宮アルディージャ,15
2014,1,27,ヴァンフォーレ甲府,16
2014,1,27,セレッソ大阪,17
2014,1,27,徳島ヴォルティス,18
2014,1,28,浦和レッズ,1
2014,1,28,ガンバ大阪,2
2014,1,28,サガン鳥栖,3
2014,1,28,鹿島アントラーズ,4
2014,1,28,川崎フロンターレ,5
2014,1,28,サンフレッチェ広島,6
2014,1,28,柏レイソル,7
2014,1,28,ＦＣ東京,8
2014,1,28,ヴィッセル神戸,9
2014,1,28,横浜Ｆ・マリノス,10
2014,1,28,アルビレックス新潟,11
2014,1,28,名古屋グランパス,12
2014,1,28,ベガルタ仙台,13
2014,1,28,大宮アルディージャ,14
2014,1,28,ヴァンフォーレ甲府,15
2014,1,28,清水エスパルス,16
2014,1,28,セレッソ大阪,17
2014,1,28,徳島ヴォルティス,18
2014,1,29,浦和レッズ,1
2014,1,29,ガンバ大阪,2
2014,1,29,川崎フロンターレ,3
2014,1,29,鹿島アントラーズ,4
2014,1,29,サガン鳥栖,5
2014,1,29,ＦＣ東京,6
2014,1,29,柏レイソル,7
2014,1,29,横浜Ｆ・マリノス,8
2014,1,29,ヴィッセル神戸,9
2014,1,29,サンフレッチェ広島,10
2014,1,29,アルビレックス新潟,11
2014,1,29,名古屋グランパス,12
2014,1,29,ベガルタ仙台,13
2014,1,29,清水エスパルス,14
2014,1,29,大宮アルディージャ,15
2014,1,29,ヴァンフォーレ甲府,16
2014,1,29,セレッソ大阪,17
2014,1,29,徳島ヴォルティス,18
2014,1,30,浦和レッズ,1
2014,1,30,ガンバ大阪,2
2014,1,30,鹿島アントラーズ,3
2014,1,30,川崎フロンターレ,4
2014,1,30,サガン鳥栖,5
2014,1,30,柏レイソル,6
2014,1,30,サンフレッチェ広島,7
2014,1,30,ヴィッセル神戸,8
2014,1,30,ＦＣ東京,9
2014,1,30,横浜Ｆ・マリノス,10
2014,1,30,アルビレックス新潟,11
2014,1,30,名古屋グランパス,12
2014,1,30,ヴァンフォーレ甲府,13
2014,1,30,ベガルタ仙台,14
2014,1,30,大宮アルディージャ,15
2014,1,30,清水エスパルス,16
2014,1,30,セレッソ大阪,17
2014,1,30,徳島ヴォルティス,18
2014,1,31,浦和レッズ,1
2014,1,31,ガンバ大阪,2
2014,1,31,鹿島アントラーズ,3
2014,1,31,サガン鳥栖,4
2014,1,31,柏レイソル,5
2014,1,31,川崎フロンターレ,6
2014,1,31,ＦＣ東京,7
2014,1,31,サンフレッチェ広島,8
2014,1,31,ヴィッセル神戸,9
2014,1,31,横浜Ｆ・マリノス,10
2014,1,31,名古屋グランパス,11
2014,1,31,アルビレックス新潟,12
2014,1,31,ヴァンフォーレ甲府,13
2014,1,31,清水エスパルス,14
2014,1,31,ベガルタ仙台,15
2014,1,31,大宮アルディージャ,16
2014,1,31,セレッソ大阪,17
2014,1,31,徳島ヴォルティス,18
2014,1,32,浦和レッズ,1
2014,1,32,ガンバ大阪,2
2014,1,32,鹿島アントラーズ,3
2014,1,32,サガン鳥栖,4
2014,1,32,柏レイソル,5
2014,1,32,川崎フロンターレ,6
2014,1,32,横浜Ｆ・マリノス,7
2014,1,32,ＦＣ東京,8
2014,1,32,サンフレッチェ広島,9
2014,1,32,ヴィッセル神戸,10
2014,1,32,アルビレックス新潟,11
2014,1,32,名古屋グランパス,12
2014,1,32,ヴァンフォーレ甲府,13
2014,1,32,ベガルタ仙台,14
2014,1,32,清水エスパルス,15
2014,1,32,大宮アルディージャ,16
2014,1,32,セレッソ大阪,17
2014,1,32,徳島ヴォルティス,18
2014,1,33,ガンバ大阪,1
2014,1,33,浦和レッズ,2
2014,1,33,鹿島アントラーズ,3
2014,1,33,柏レイソル,4
2014,1,33,サガン鳥栖,5
2014,1,33,川崎フロンターレ,6
2014,1,33,横浜Ｆ・マリノス,7
2014,1,33,サンフレッチェ広島,8
2014,1,33,ＦＣ東京,9
2014,1,33,名古屋グランパス,10
2014,1,33,ヴィッセル神戸,11
2014,1,33,アルビレックス新潟,12
2014,1,33,ヴァンフォーレ甲府,13
2014,1,33,ベガルタ仙台,14
2014,1,33,清水エスパルス,15
2014,1,33,大宮アルディージャ,16
2014,1,33,セレッソ大阪,17
2014,1,33,徳島ヴォルティス,18
2014,1,34,ガンバ大阪,1
2014,1,34,浦和レッズ,2
2014,1,34,柏レイソル,3
2014,1,34,サガン鳥栖,4
2014,1,34,鹿島アントラーズ,5
2014,1,34,川崎フロンターレ,6
2014,1,34,横浜Ｆ・マリノス,7
2014,1,34,サンフレッチェ広島,8
2014,1,34,名古屋グランパス,9
2014,1,34,ＦＣ東京,10
2014,1,34,ヴィッセル神戸,11
2014,1,34,アルビレックス新潟,12
2014,1,34,ヴァンフォーレ甲府,13
2014,1,34,ベガルタ仙台,14
2014,1,34,清水エスパルス,15
2014,1,34,大宮アルディージャ,16
2014,1,34,セレッソ大阪,17
2014,1,34,徳島ヴォルティス,18
2014,2,1,京都サンガF.C.,1
2014,2,1,ＦＣ岐阜,1
2014,2,1,松本山雅ＦＣ,1
2014,2,1,Ｖ・ファーレン長崎,4
2014,2,1,栃木ＳＣ,4
2014,2,1,ロアッソ熊本,6
2014,2,1,水戸ホーリーホック,6
2014,2,1,湘南ベルマーレ,8
2014,2,1,コンサドーレ札幌,8
2014,2,1,ファジアーノ岡山,10
2014,2,1,カターレ富山,10
2014,2,1,愛媛ＦＣ,10
2014,2,1,横浜ＦＣ,10
2014,2,1,アビスパ福岡,14
2014,2,1,大分トリニータ,14
2014,2,1,モンテディオ山形,16
2014,2,1,ジュビロ磐田,16
2014,2,1,ギラヴァンツ北九州,18
2014,2,1,東京ヴェルディ,18
2014,2,1,カマタマーレ讃岐,18
2014,2,1,ジェフユナイテッド千葉,21
2014,2,1,ザスパクサツ群馬,21
2014,2,2,湘南ベルマーレ,1
2014,2,2,ＦＣ岐阜,1
2014,2,2,水戸ホーリーホック,3
2014,2,2,松本山雅ＦＣ,4
2014,2,2,コンサドーレ札幌,5
2014,2,2,栃木ＳＣ,5
2014,2,2,ジュビロ磐田,7
2014,2,2,ザスパクサツ群馬,8
2014,2,2,アビスパ福岡,8
2014,2,2,ジェフユナイテッド千葉,8
2014,2,2,大分トリニータ,8
2014,2,2,ロアッソ熊本,12
2014,2,2,京都サンガF.C.,12
2014,2,2,Ｖ・ファーレン長崎,14
2014,2,2,横浜ＦＣ,15
2014,2,2,モンテディオ山形,16
2014,2,2,ファジアーノ岡山,17
2014,2,2,愛媛ＦＣ,18
2014,2,2,カターレ富山,19
2014,2,2,ギラヴァンツ北九州,20
2014,2,2,東京ヴェルディ,20
2014,2,2,カマタマーレ讃岐,22
2014,2,3,湘南ベルマーレ,1
2014,2,3,松本山雅ＦＣ,2
2014,2,3,ジュビロ磐田,3
2014,2,3,ザスパクサツ群馬,4
2014,2,3,大分トリニータ,5
2014,2,3,水戸ホーリーホック,6
2014,2,3,ＦＣ岐阜,7
2014,2,3,横浜ＦＣ,8
2014,2,3,栃木ＳＣ,9
2014,2,3,モンテディオ山形,10
2014,2,3,アビスパ福岡,11
2014,2,3,ジェフユナイテッド千葉,11
2014,2,3,Ｖ・ファーレン長崎,13
2014,2,3,京都サンガF.C.,13
2014,2,3,コンサドーレ札幌,15
2014,2,3,ギラヴァンツ北九州,16
2014,2,3,ロアッソ熊本,17
2014,2,3,愛媛ＦＣ,18
2014,2,3,東京ヴェルディ,19
2014,2,3,カターレ富山,20
2014,2,3,ファジアーノ岡山,20
2014,2,3,カマタマーレ讃岐,22
2014,2,4,湘南ベルマーレ,1
2014,2,4,松本山雅ＦＣ,2
2014,2,4,栃木ＳＣ,3
2014,2,4,横浜ＦＣ,4
2014,2,4,コンサドーレ札幌,5
2014,2,4,京都サンガF.C.,6
2014,2,4,Ｖ・ファーレン長崎,6
2014,2,4,ジュビロ磐田,8
2014,2,4,大分トリニータ,9
2014,2,4,ＦＣ岐阜,10
2014,2,4,水戸ホーリーホック,11
2014,2,4,ザスパクサツ群馬,12
2014,2,4,愛媛ＦＣ,13
2014,2,4,アビスパ福岡,14
2014,2,4,ファジアーノ岡山,15
2014,2,4,ロアッソ熊本,16
2014,2,4,ジェフユナイテッド千葉,17
2014,2,4,モンテディオ山形,17
2014,2,4,ギラヴァンツ北九州,19
2014,2,4,カターレ富山,20
2014,2,4,東京ヴェルディ,20
2014,2,4,カマタマーレ讃岐,22
2014,2,5,湘南ベルマーレ,1
2014,2,5,Ｖ・ファーレン長崎,2
2014,2,5,ジュビロ磐田,3
2014,2,5,松本山雅ＦＣ,4
2014,2,5,ザスパクサツ群馬,5
2014,2,5,アビスパ福岡,6
2014,2,5,京都サンガF.C.,7
2014,2,5,大分トリニータ,7
2014,2,5,コンサドーレ札幌,7
2014,2,5,横浜ＦＣ,10
2014,2,5,栃木ＳＣ,11
2014,2,5,ジェフユナイテッド千葉,12
2014,2,5,水戸ホーリーホック,13
2014,2,5,ＦＣ岐阜,13
2014,2,5,ギラヴァンツ北九州,15
2014,2,5,愛媛ＦＣ,16
2014,2,5,ファジアーノ岡山,17
2014,2,5,モンテディオ山形,18
2014,2,5,ロアッソ熊本,19
2014,2,5,カターレ富山,20
2014,2,5,東京ヴェルディ,21
2014,2,5,カマタマーレ讃岐,22
2014,2,6,湘南ベルマーレ,1
2014,2,6,ジュビロ磐田,2
2014,2,6,京都サンガF.C.,3
2014,2,6,アビスパ福岡,4
2014,2,6,栃木ＳＣ,5
2014,2,6,コンサドーレ札幌,5
2014,2,6,Ｖ・ファーレン長崎,7
2014,2,6,ジェフユナイテッド千葉,8
2014,2,6,松本山雅ＦＣ,9
2014,2,6,ザスパクサツ群馬,10
2014,2,6,モンテディオ山形,11
2014,2,6,横浜ＦＣ,12
2014,2,6,大分トリニータ,13
2014,2,6,ロアッソ熊本,14
2014,2,6,ギラヴァンツ北九州,15
2014,2,6,水戸ホーリーホック,16
2014,2,6,ＦＣ岐阜,16
2014,2,6,愛媛ＦＣ,18
2014,2,6,ファジアーノ岡山,19
2014,2,6,東京ヴェルディ,20
2014,2,6,カターレ富山,21
2014,2,6,カマタマーレ讃岐,22
2014,2,7,湘南ベルマーレ,1
2014,2,7,Ｖ・ファーレン長崎,2
2014,2,7,松本山雅ＦＣ,3
2014,2,7,ジュビロ磐田,4
2014,2,7,京都サンガF.C.,5
2014,2,7,大分トリニータ,6
2014,2,7,栃木ＳＣ,7
2014,2,7,コンサドーレ札幌,8
2014,2,7,アビスパ福岡,9
2014,2,7,ロアッソ熊本,10
2014,2,7,ギラヴァンツ北九州,11
2014,2,7,水戸ホーリーホック,12
2014,2,7,ＦＣ岐阜,12
2014,2,7,ジェフユナイテッド千葉,14
2014,2,7,愛媛ＦＣ,15
2014,2,7,モンテディオ山形,16
2014,2,7,ザスパクサツ群馬,17
2014,2,7,ファジアーノ岡山,18
2014,2,7,横浜ＦＣ,19
2014,2,7,東京ヴェルディ,20
2014,2,7,カターレ富山,21
2014,2,7,カマタマーレ讃岐,22
2014,2,8,湘南ベルマーレ,1
2014,2,8,Ｖ・ファーレン長崎,2
2014,2,8,栃木ＳＣ,3
2014,2,8,コンサドーレ札幌,4
2014,2,8,松本山雅ＦＣ,5
2014,2,8,ジュビロ磐田,5
2014,2,8,ギラヴァンツ北九州,7
2014,2,8,ロアッソ熊本,8
2014,2,8,京都サンガF.C.,9
2014,2,8,アビスパ福岡,10
2014,2,8,水戸ホーリーホック,11
2014,2,8,ジェフユナイテッド千葉,11
2014,2,8,大分トリニータ,13
2014,2,8,ＦＣ岐阜,14
2014,2,8,横浜ＦＣ,15
2014,2,8,愛媛ＦＣ,16
2014,2,8,モンテディオ山形,16
2014,2,8,ザスパクサツ群馬,18
2014,2,8,ファジアーノ岡山,19
2014,2,8,東京ヴェルディ,20
2014,2,8,カターレ富山,21
2014,2,8,カマタマーレ讃岐,22
2014,2,9,湘南ベルマーレ,1
2014,2,9,Ｖ・ファーレン長崎,2
2014,2,9,松本山雅ＦＣ,3
2014,2,9,ジュビロ磐田,3
2014,2,9,アビスパ福岡,5
2014,2,9,大分トリニータ,6
2014,2,9,水戸ホーリーホック,7
2014,2,9,ロアッソ熊本,8
2014,2,9,京都サンガF.C.,9
2014,2,9,栃木ＳＣ,10
2014,2,9,コンサドーレ札幌,11
2014,2,9,ギラヴァンツ北九州,12
2014,2,9,モンテディオ山形,13
2014,2,9,ジェフユナイテッド千葉,14
2014,2,9,ファジアーノ岡山,15
2014,2,9,愛媛ＦＣ,16
2014,2,9,ＦＣ岐阜,17
2014,2,9,ザスパクサツ群馬,18
2014,2,9,横浜ＦＣ,19
2014,2,9,東京ヴェルディ,20
2014,2,9,カマタマーレ讃岐,21
2014,2,9,カターレ富山,22
2014,2,10,湘南ベルマーレ,1
2014,2,10,ジュビロ磐田,2
2014,2,10,Ｖ・ファーレン長崎,3
2014,2,10,栃木ＳＣ,4
2014,2,10,松本山雅ＦＣ,5
2014,2,10,ギラヴァンツ北九州,6
2014,2,10,コンサドーレ札幌,7
2014,2,10,水戸ホーリーホック,7
2014,2,10,大分トリニータ,7
2014,2,10,ロアッソ熊本,7
2014,2,10,アビスパ福岡,11
2014,2,10,ファジアーノ岡山,12
2014,2,10,京都サンガF.C.,13
2014,2,10,ＦＣ岐阜,14
2014,2,10,横浜ＦＣ,15
2014,2,10,モンテディオ山形,16
2014,2,10,ジェフユナイテッド千葉,16
2014,2,10,愛媛ＦＣ,18
2014,2,10,ザスパクサツ群馬,19
2014,2,10,東京ヴェルディ,20
2014,2,10,カターレ富山,21
2014,2,10,カマタマーレ讃岐,22
2014,2,11,湘南ベルマーレ,1
2014,2,11,ジュビロ磐田,2
2014,2,11,栃木ＳＣ,3
2014,2,11,松本山雅ＦＣ,3
2014,2,11,ギラヴァンツ北九州,5
2014,2,11,Ｖ・ファーレン長崎,6
2014,2,11,大分トリニータ,7
2014,2,11,京都サンガF.C.,8
2014,2,11,ＦＣ岐阜,9
2014,2,11,ロアッソ熊本,10
2014,2,11,ジェフユナイテッド千葉,11
2014,2,11,モンテディオ山形,12
2014,2,11,ファジアーノ岡山,13
2014,2,11,アビスパ福岡,14
2014,2,11,コンサドーレ札幌,14
2014,2,11,水戸ホーリーホック,16
2014,2,11,横浜ＦＣ,17
2014,2,11,愛媛ＦＣ,18
2014,2,11,ザスパクサツ群馬,19
2014,2,11,東京ヴェルディ,20
2014,2,11,カターレ富山,21
2014,2,11,カマタマーレ讃岐,22
2014,2,12,湘南ベルマーレ,1
2014,2,12,ジュビロ磐田,2
2014,2,12,松本山雅ＦＣ,3
2014,2,12,ギラヴァンツ北九州,4
2014,2,12,京都サンガF.C.,5
2014,2,12,Ｖ・ファーレン長崎,6
2014,2,12,栃木ＳＣ,7
2014,2,12,大分トリニータ,8
2014,2,12,ＦＣ岐阜,9
2014,2,12,ロアッソ熊本,9
2014,2,12,ジェフユナイテッド千葉,11
2014,2,12,コンサドーレ札幌,11
2014,2,12,水戸ホーリーホック,13
2014,2,12,モンテディオ山形,13
2014,2,12,ファジアーノ岡山,13
2014,2,12,アビスパ福岡,13
2014,2,12,横浜ＦＣ,17
2014,2,12,ザスパクサツ群馬,18
2014,2,12,愛媛ＦＣ,19
2014,2,12,東京ヴェルディ,20
2014,2,12,カターレ富山,21
2014,2,12,カマタマーレ讃岐,22
2014,2,13,湘南ベルマーレ,1
2014,2,13,ジュビロ磐田,2
2014,2,13,松本山雅ＦＣ,3
2014,2,13,京都サンガF.C.,4
2014,2,13,ギラヴァンツ北九州,5
2014,2,13,栃木ＳＣ,6
2014,2,13,Ｖ・ファーレン長崎,7
2014,2,13,水戸ホーリーホック,8
2014,2,13,アビスパ福岡,9
2014,2,13,ファジアーノ岡山,10
2014,2,13,大分トリニータ,11
2014,2,13,ジェフユナイテッド千葉,12
2014,2,13,モンテディオ山形,12
2014,2,13,ＦＣ岐阜,14
2014,2,13,ロアッソ熊本,15
2014,2,13,コンサドーレ札幌,16
2014,2,13,ザスパクサツ群馬,17
2014,2,13,愛媛ＦＣ,17
2014,2,13,東京ヴェルディ,19
2014,2,13,横浜ＦＣ,20
2014,2,13,カターレ富山,21
2014,2,13,カマタマーレ讃岐,22
2014,2,14,湘南ベルマーレ,1
2014,2,14,ジュビロ磐田,2
2014,2,14,松本山雅ＦＣ,3
2014,2,14,ギラヴァンツ北九州,4
2014,2,14,京都サンガF.C.,5
2014,2,14,水戸ホーリーホック,6
2014,2,14,ファジアーノ岡山,7
2014,2,14,大分トリニータ,8
2014,2,14,栃木ＳＣ,9
2014,2,14,Ｖ・ファーレン長崎,9
2014,2,14,ジェフユナイテッド千葉,11
2014,2,14,アビスパ福岡,12
2014,2,14,ロアッソ熊本,13
2014,2,14,モンテディオ山形,13
2014,2,14,ＦＣ岐阜,15
2014,2,14,愛媛ＦＣ,16
2014,2,14,コンサドーレ札幌,17
2014,2,14,東京ヴェルディ,18
2014,2,14,ザスパクサツ群馬,19
2014,2,14,横浜ＦＣ,20
2014,2,14,カターレ富山,21
2014,2,14,カマタマーレ讃岐,22
2014,2,15,湘南ベルマーレ,1
2014,2,15,松本山雅ＦＣ,2
2014,2,15,ジュビロ磐田,3
2014,2,15,ギラヴァンツ北九州,4
2014,2,15,ファジアーノ岡山,5
2014,2,15,大分トリニータ,6
2014,2,15,京都サンガF.C.,7
2014,2,15,栃木ＳＣ,8
2014,2,15,水戸ホーリーホック,9
2014,2,15,モンテディオ山形,10
2014,2,15,ジェフユナイテッド千葉,11
2014,2,15,Ｖ・ファーレン長崎,12
2014,2,15,コンサドーレ札幌,13
2014,2,15,愛媛ＦＣ,14
2014,2,15,ロアッソ熊本,15
2014,2,15,アビスパ福岡,16
2014,2,15,ＦＣ岐阜,17
2014,2,15,ザスパクサツ群馬,18
2014,2,15,東京ヴェルディ,19
2014,2,15,横浜ＦＣ,20
2014,2,15,カマタマーレ讃岐,21
2014,2,15,カターレ富山,22
2014,2,16,湘南ベルマーレ,1
2014,2,16,松本山雅ＦＣ,2
2014,2,16,ジュビロ磐田,3
2014,2,16,大分トリニータ,4
2014,2,16,ファジアーノ岡山,5
2014,2,16,ギラヴァンツ北九州,6
2014,2,16,栃木ＳＣ,7
2014,2,16,ジェフユナイテッド千葉,8
2014,2,16,京都サンガF.C.,9
2014,2,16,ロアッソ熊本,10
2014,2,16,Ｖ・ファーレン長崎,11
2014,2,16,水戸ホーリーホック,12
2014,2,16,ＦＣ岐阜,13
2014,2,16,モンテディオ山形,14
2014,2,16,コンサドーレ札幌,15
2014,2,16,アビスパ福岡,15
2014,2,16,愛媛ＦＣ,17
2014,2,16,横浜ＦＣ,18
2014,2,16,ザスパクサツ群馬,19
2014,2,16,東京ヴェルディ,20
2014,2,16,カマタマーレ讃岐,21
2014,2,16,カターレ富山,22
2014,2,17,湘南ベルマーレ,1
2014,2,17,ジュビロ磐田,2
2014,2,17,松本山雅ＦＣ,3
2014,2,17,大分トリニータ,4
2014,2,17,ギラヴァンツ北九州,5
2014,2,17,ファジアーノ岡山,6
2014,2,17,京都サンガF.C.,7
2014,2,17,Ｖ・ファーレン長崎,8
2014,2,17,栃木ＳＣ,9
2014,2,17,モンテディオ山形,10
2014,2,17,ジェフユナイテッド千葉,11
2014,2,17,アビスパ福岡,12
2014,2,17,ロアッソ熊本,13
2014,2,17,水戸ホーリーホック,14
2014,2,17,ＦＣ岐阜,15
2014,2,17,コンサドーレ札幌,16
2014,2,17,ザスパクサツ群馬,17
2014,2,17,愛媛ＦＣ,18
2014,2,17,横浜ＦＣ,19
2014,2,17,東京ヴェルディ,20
2014,2,17,カマタマーレ讃岐,21
2014,2,17,カターレ富山,22
2014,2,18,湘南ベルマーレ,1
2014,2,18,ジュビロ磐田,2
2014,2,18,松本山雅ＦＣ,3
2014,2,18,ファジアーノ岡山,4
2014,2,18,ギラヴァンツ北九州,5
2014,2,18,大分トリニータ,6
2014,2,18,栃木ＳＣ,7
2014,2,18,ジェフユナイテッド千葉,8
2014,2,18,アビスパ福岡,9
2014,2,18,Ｖ・ファーレン長崎,10
2014,2,18,京都サンガF.C.,11
2014,2,18,水戸ホーリーホック,12
2014,2,18,モンテディオ山形,13
2014,2,18,ロアッソ熊本,14
2014,2,18,コンサドーレ札幌,15
2014,2,18,ＦＣ岐阜,16
2014,2,18,ザスパクサツ群馬,17
2014,2,18,愛媛ＦＣ,18
2014,2,18,横浜ＦＣ,19
2014,2,18,東京ヴェルディ,20
2014,2,18,カマタマーレ讃岐,21
2014,2,18,カターレ富山,22
2014,2,19,湘南ベルマーレ,1
2014,2,19,松本山雅ＦＣ,2
2014,2,19,ジュビロ磐田,3
2014,2,19,ギラヴァンツ北九州,4
2014,2,19,ファジアーノ岡山,5
2014,2,19,大分トリニータ,6
2014,2,19,京都サンガF.C.,7
2014,2,19,アビスパ福岡,8
2014,2,19,栃木ＳＣ,9
2014,2,19,モンテディオ山形,10
2014,2,19,Ｖ・ファーレン長崎,11
2014,2,19,ジェフユナイテッド千葉,12
2014,2,19,水戸ホーリーホック,13
2014,2,19,コンサドーレ札幌,14
2014,2,19,ロアッソ熊本,15
2014,2,19,ＦＣ岐阜,16
2014,2,19,愛媛ＦＣ,17
2014,2,19,ザスパクサツ群馬,18
2014,2,19,横浜ＦＣ,19
2014,2,19,東京ヴェルディ,20
2014,2,19,カマタマーレ讃岐,21
2014,2,19,カターレ富山,22
2014,2,20,湘南ベルマーレ,1
2014,2,20,松本山雅ＦＣ,2
2014,2,20,ジュビロ磐田,2
2014,2,20,ギラヴァンツ北九州,4
2014,2,20,アビスパ福岡,5
2014,2,20,ファジアーノ岡山,6
2014,2,20,京都サンガF.C.,7
2014,2,20,大分トリニータ,8
2014,2,20,栃木ＳＣ,9
2014,2,20,モンテディオ山形,10
2014,2,20,コンサドーレ札幌,11
2014,2,20,ジェフユナイテッド千葉,12
2014,2,20,Ｖ・ファーレン長崎,12
2014,2,20,水戸ホーリーホック,14
2014,2,20,ロアッソ熊本,15
2014,2,20,愛媛ＦＣ,16
2014,2,20,ザスパクサツ群馬,17
2014,2,20,ＦＣ岐阜,18
2014,2,20,横浜ＦＣ,19
2014,2,20,東京ヴェルディ,20
2014,2,20,カマタマーレ讃岐,21
2014,2,20,カターレ富山,22
2014,2,21,湘南ベルマーレ,1
2014,2,21,ジュビロ磐田,2
2014,2,21,松本山雅ＦＣ,3
2014,2,21,ファジアーノ岡山,4
2014,2,21,ギラヴァンツ北九州,5
2014,2,21,栃木ＳＣ,6
2014,2,21,アビスパ福岡,7
2014,2,21,モンテディオ山形,8
2014,2,21,ジェフユナイテッド千葉,9
2014,2,21,コンサドーレ札幌,10
2014,2,21,京都サンガF.C.,11
2014,2,21,大分トリニータ,12
2014,2,21,水戸ホーリーホック,13
2014,2,21,Ｖ・ファーレン長崎,14
2014,2,21,愛媛ＦＣ,15
2014,2,21,ＦＣ岐阜,16
2014,2,21,ロアッソ熊本,17
2014,2,21,ザスパクサツ群馬,18
2014,2,21,横浜ＦＣ,19
2014,2,21,東京ヴェルディ,20
2014,2,21,カマタマーレ讃岐,21
2014,2,21,カターレ富山,22
2014,2,22,湘南ベルマーレ,1
2014,2,22,松本山雅ＦＣ,2
2014,2,22,ジュビロ磐田,3
2014,2,22,ファジアーノ岡山,4
2014,2,22,ギラヴァンツ北九州,5
2014,2,22,ジェフユナイテッド千葉,6
2014,2,22,アビスパ福岡,7
2014,2,22,栃木ＳＣ,8
2014,2,22,コンサドーレ札幌,9
2014,2,22,大分トリニータ,9
2014,2,22,京都サンガF.C.,11
2014,2,22,モンテディオ山形,12
2014,2,22,水戸ホーリーホック,13
2014,2,22,愛媛ＦＣ,14
2014,2,22,Ｖ・ファーレン長崎,15
2014,2,22,ＦＣ岐阜,16
2014,2,22,ロアッソ熊本,17
2014,2,22,横浜ＦＣ,18
2014,2,22,ザスパクサツ群馬,19
2014,2,22,東京ヴェルディ,20
2014,2,22,カマタマーレ讃岐,21
2014,2,22,カターレ富山,22
2014,2,23,湘南ベルマーレ,1
2014,2,23,松本山雅ＦＣ,2
2014,2,23,ジュビロ磐田,3
2014,2,23,ファジアーノ岡山,4
2014,2,23,ギラヴァンツ北九州,5
2014,2,23,京都サンガF.C.,6
2014,2,23,コンサドーレ札幌,7
2014,2,23,ジェフユナイテッド千葉,8
2014,2,23,大分トリニータ,9
2014,2,23,アビスパ福岡,10
2014,2,23,栃木ＳＣ,10
2014,2,23,モンテディオ山形,12
2014,2,23,水戸ホーリーホック,13
2014,2,23,ＦＣ岐阜,14
2014,2,23,Ｖ・ファーレン長崎,15
2014,2,23,ロアッソ熊本,16
2014,2,23,愛媛ＦＣ,17
2014,2,23,横浜ＦＣ,18
2014,2,23,ザスパクサツ群馬,19
2014,2,23,東京ヴェルディ,20
2014,2,23,カマタマーレ讃岐,21
2014,2,23,カターレ富山,22
2014,2,24,湘南ベルマーレ,1
2014,2,24,松本山雅ＦＣ,2
2014,2,24,ジュビロ磐田,3
2014,2,24,ファジアーノ岡山,4
2014,2,24,ギラヴァンツ北九州,5
2014,2,24,ジェフユナイテッド千葉,6
2014,2,24,大分トリニータ,7
2014,2,24,コンサドーレ札幌,8
2014,2,24,京都サンガF.C.,8
2014,2,24,アビスパ福岡,10
2014,2,24,栃木ＳＣ,11
2014,2,24,水戸ホーリーホック,12
2014,2,24,モンテディオ山形,13
2014,2,24,愛媛ＦＣ,14
2014,2,24,横浜ＦＣ,15
2014,2,24,ＦＣ岐阜,16
2014,2,24,Ｖ・ファーレン長崎,17
2014,2,24,ザスパクサツ群馬,18
2014,2,24,ロアッソ熊本,19
2014,2,24,東京ヴェルディ,20
2014,2,24,カマタマーレ讃岐,21
2014,2,24,カターレ富山,22
2014,2,25,湘南ベルマーレ,1
2014,2,25,松本山雅ＦＣ,2
2014,2,25,ジュビロ磐田,3
2014,2,25,ファジアーノ岡山,4
2014,2,25,ギラヴァンツ北九州,5
2014,2,25,ジェフユナイテッド千葉,6
2014,2,25,京都サンガF.C.,7
2014,2,25,大分トリニータ,8
2014,2,25,モンテディオ山形,9
2014,2,25,アビスパ福岡,10
2014,2,25,コンサドーレ札幌,11
2014,2,25,ＦＣ岐阜,12
2014,2,25,横浜ＦＣ,12
2014,2,25,水戸ホーリーホック,14
2014,2,25,栃木ＳＣ,15
2014,2,25,愛媛ＦＣ,16
2014,2,25,ザスパクサツ群馬,17
2014,2,25,Ｖ・ファーレン長崎,18
2014,2,25,ロアッソ熊本,19
2014,2,25,東京ヴェルディ,20
2014,2,25,カマタマーレ讃岐,21
2014,2,25,カターレ富山,22
2014,2,26,湘南ベルマーレ,1
2014,2,26,松本山雅ＦＣ,2
2014,2,26,ジュビロ磐田,3
2014,2,26,ファジアーノ岡山,4
2014,2,26,ギラヴァンツ北九州,5
2014,2,26,ジェフユナイテッド千葉,6
2014,2,26,大分トリニータ,7
2014,2,26,京都サンガF.C.,8
2014,2,26,アビスパ福岡,9
2014,2,26,ＦＣ岐阜,10
2014,2,26,モンテディオ山形,11
2014,2,26,コンサドーレ札幌,12
2014,2,26,水戸ホーリーホック,13
2014,2,26,横浜ＦＣ,14
2014,2,26,Ｖ・ファーレン長崎,15
2014,2,26,栃木ＳＣ,16
2014,2,26,愛媛ＦＣ,17
2014,2,26,ザスパクサツ群馬,18
2014,2,26,ロアッソ熊本,19
2014,2,26,東京ヴェルディ,20
2014,2,26,カマタマーレ讃岐,21
2014,2,26,カターレ富山,22
2014,2,27,湘南ベルマーレ,1
2014,2,27,松本山雅ＦＣ,2
2014,2,27,ジュビロ磐田,3
2014,2,27,ギラヴァンツ北九州,4
2014,2,27,ファジアーノ岡山,5
2014,2,27,ジェフユナイテッド千葉,6
2014,2,27,大分トリニータ,7
2014,2,27,京都サンガF.C.,7
2014,2,27,モンテディオ山形,9
2014,2,27,アビスパ福岡,10
2014,2,27,横浜ＦＣ,11
2014,2,27,ＦＣ岐阜,12
2014,2,27,コンサドーレ札幌,13
2014,2,27,Ｖ・ファーレン長崎,14
2014,2,27,水戸ホーリーホック,15
2014,2,27,栃木ＳＣ,16
2014,2,27,ザスパクサツ群馬,17
2014,2,27,愛媛ＦＣ,18
2014,2,27,ロアッソ熊本,19
2014,2,27,東京ヴェルディ,20
2014,2,27,カマタマーレ讃岐,21
2014,2,27,カターレ富山,22
2014,2,28,湘南ベルマーレ,1
2014,2,28,松本山雅ＦＣ,2
2014,2,28,ジュビロ磐田,3
2014,2,28,ギラヴァンツ北九州,4
2014,2,28,ファジアーノ岡山,5
2014,2,28,大分トリニータ,6
2014,2,28,アビスパ福岡,7
2014,2,28,京都サンガF.C.,8
2014,2,28,ジェフユナイテッド千葉,9
2014,2,28,モンテディオ山形,10
2014,2,28,横浜ＦＣ,11
2014,2,28,ＦＣ岐阜,12
2014,2,28,コンサドーレ札幌,13
2014,2,28,水戸ホーリーホック,14
2014,2,28,栃木ＳＣ,15
2014,2,28,Ｖ・ファーレン長崎,16
2014,2,28,ロアッソ熊本,17
2014,2,28,愛媛ＦＣ,18
2014,2,28,ザスパクサツ群馬,19
2014,2,28,東京ヴェルディ,20
2014,2,28,カマタマーレ讃岐,21
2014,2,28,カターレ富山,22
2014,2,29,湘南ベルマーレ,1
2014,2,29,松本山雅ＦＣ,2
2014,2,29,ジュビロ磐田,3
2014,2,29,ギラヴァンツ北九州,4
2014,2,29,ファジアーノ岡山,5
2014,2,29,大分トリニータ,6
2014,2,29,ジェフユナイテッド千葉,7
2014,2,29,京都サンガF.C.,8
2014,2,29,アビスパ福岡,9
2014,2,29,横浜ＦＣ,10
2014,2,29,ＦＣ岐阜,11
2014,2,29,モンテディオ山形,12
2014,2,29,コンサドーレ札幌,13
2014,2,29,Ｖ・ファーレン長崎,14
2014,2,29,栃木ＳＣ,15
2014,2,29,水戸ホーリーホック,16
2014,2,29,愛媛ＦＣ,17
2014,2,29,ロアッソ熊本,18
2014,2,29,ザスパクサツ群馬,19
2014,2,29,東京ヴェルディ,20
2014,2,29,カマタマーレ讃岐,21
2014,2,29,カターレ富山,22
2014,2,30,湘南ベルマーレ,1
2014,2,30,松本山雅ＦＣ,2
2014,2,30,ジュビロ磐田,3
2014,2,30,ギラヴァンツ北九州,4
2014,2,30,ファジアーノ岡山,5
2014,2,30,大分トリニータ,6
2014,2,30,アビスパ福岡,7
2014,2,30,ジェフユナイテッド千葉,8
2014,2,30,横浜ＦＣ,9
2014,2,30,モンテディオ山形,10
2014,2,30,京都サンガF.C.,11
2014,2,30,コンサドーレ札幌,12
2014,2,30,ＦＣ岐阜,13
2014,2,30,栃木ＳＣ,14
2014,2,30,Ｖ・ファーレン長崎,15
2014,2,30,ロアッソ熊本,16
2014,2,30,水戸ホーリーホック,17
2014,2,30,愛媛ＦＣ,18
2014,2,30,ザスパクサツ群馬,19
2014,2,30,東京ヴェルディ,20
2014,2,30,カマタマーレ讃岐,21
2014,2,30,カターレ富山,22
2014,2,31,湘南ベルマーレ,1
2014,2,31,松本山雅ＦＣ,2
2014,2,31,ジュビロ磐田,3
2014,2,31,ギラヴァンツ北九州,4
2014,2,31,ファジアーノ岡山,5
2014,2,31,大分トリニータ,6
2014,2,31,京都サンガF.C.,7
2014,2,31,横浜ＦＣ,8
2014,2,31,アビスパ福岡,9
2014,2,31,ジェフユナイテッド千葉,10
2014,2,31,コンサドーレ札幌,11
2014,2,31,モンテディオ山形,12
2014,2,31,ＦＣ岐阜,13
2014,2,31,栃木ＳＣ,14
2014,2,31,水戸ホーリーホック,15
2014,2,31,Ｖ・ファーレン長崎,16
2014,2,31,愛媛ＦＣ,17
2014,2,31,ロアッソ熊本,18
2014,2,31,ザスパクサツ群馬,19
2014,2,31,東京ヴェルディ,20
2014,2,31,カマタマーレ讃岐,21
2014,2,31,カターレ富山,22
2014,2,32,湘南ベルマーレ,1
2014,2,32,松本山雅ＦＣ,2
2014,2,32,ジュビロ磐田,3
2014,2,32,ファジアーノ岡山,4
2014,2,32,ギラヴァンツ北九州,5
2014,2,32,大分トリニータ,6
2014,2,32,ジェフユナイテッド千葉,7
2014,2,32,モンテディオ山形,8
2014,2,32,京都サンガF.C.,9
2014,2,32,横浜ＦＣ,10
2014,2,32,アビスパ福岡,11
2014,2,32,コンサドーレ札幌,12
2014,2,32,ＦＣ岐阜,13
2014,2,32,Ｖ・ファーレン長崎,14
2014,2,32,栃木ＳＣ,15
2014,2,32,ロアッソ熊本,16
2014,2,32,愛媛ＦＣ,17
2014,2,32,水戸ホーリーホック,18
2014,2,32,ザスパクサツ群馬,19
2014,2,32,東京ヴェルディ,20
2014,2,32,カマタマーレ讃岐,21
2014,2,32,カターレ富山,22
2014,2,33,湘南ベルマーレ,1
2014,2,33,松本山雅ＦＣ,2
2014,2,33,ジュビロ磐田,3
2014,2,33,ギラヴァンツ北九州,4
2014,2,33,ファジアーノ岡山,5
2014,2,33,大分トリニータ,6
2014,2,33,ジェフユナイテッド千葉,7
2014,2,33,京都サンガF.C.,8
2014,2,33,モンテディオ山形,9
2014,2,33,コンサドーレ札幌,10
2014,2,33,横浜ＦＣ,11
2014,2,33,アビスパ福岡,12
2014,2,33,Ｖ・ファーレン長崎,13
2014,2,33,ロアッソ熊本,14
2014,2,33,栃木ＳＣ,15
2014,2,33,ＦＣ岐阜,16
2014,2,33,水戸ホーリーホック,17
2014,2,33,愛媛ＦＣ,18
2014,2,33,ザスパクサツ群馬,19
2014,2,33,東京ヴェルディ,20
2014,2,33,カマタマーレ讃岐,21
2014,2,33,カターレ富山,22
2014,2,34,湘南ベルマーレ,1
2014,2,34,松本山雅ＦＣ,2
2014,2,34,ジュビロ磐田,3
2014,2,34,ギラヴァンツ北九州,4
2014,2,34,ファジアーノ岡山,5
2014,2,34,大分トリニータ,6
2014,2,34,モンテディオ山形,7
2014,2,34,京都サンガF.C.,8
2014,2,34,ジェフユナイテッド千葉,9
2014,2,34,コンサドーレ札幌,10
2014,2,34,アビスパ福岡,11
2014,2,34,横浜ＦＣ,12
2014,2,34,Ｖ・ファーレン長崎,13
2014,2,34,ＦＣ岐阜,14
2014,2,34,ロアッソ熊本,15
2014,2,34,水戸ホーリーホック,16
2014,2,34,栃木ＳＣ,17
2014,2,34,ザスパクサツ群馬,18
2014,2,34,愛媛ＦＣ,19
2014,2,34,東京ヴェルディ,20
2014,2,34,カマタマーレ讃岐,21
2014,2,34,カターレ富山,22
2014,2,35,湘南ベルマーレ,1
2014,2,35,松本山雅ＦＣ,2
2014,2,35,ジュビロ磐田,3
2014,2,35,ギラヴァンツ北九州,4
2014,2,35,大分トリニータ,5
2014,2,35,ファジアーノ岡山,6
2014,2,35,ジェフユナイテッド千葉,7
2014,2,35,コンサドーレ札幌,8
2014,2,35,京都サンガF.C.,9
2014,2,35,モンテディオ山形,10
2014,2,35,アビスパ福岡,11
2014,2,35,ＦＣ岐阜,12
2014,2,35,Ｖ・ファーレン長崎,13
2014,2,35,横浜ＦＣ,14
2014,2,35,栃木ＳＣ,15
2014,2,35,水戸ホーリーホック,16
2014,2,35,ロアッソ熊本,17
2014,2,35,ザスパクサツ群馬,18
2014,2,35,愛媛ＦＣ,19
2014,2,35,東京ヴェルディ,20
2014,2,35,カマタマーレ讃岐,21
2014,2,35,カターレ富山,22
2014,2,36,湘南ベルマーレ,1
2014,2,36,松本山雅ＦＣ,2
2014,2,36,ジュビロ磐田,3
2014,2,36,ギラヴァンツ北九州,4
2014,2,36,ジェフユナイテッド千葉,5
2014,2,36,ファジアーノ岡山,6
2014,2,36,大分トリニータ,7
2014,2,36,モンテディオ山形,8
2014,2,36,京都サンガF.C.,9
2014,2,36,コンサドーレ札幌,10
2014,2,36,アビスパ福岡,11
2014,2,36,栃木ＳＣ,12
2014,2,36,Ｖ・ファーレン長崎,13
2014,2,36,横浜ＦＣ,13
2014,2,36,ＦＣ岐阜,15
2014,2,36,ザスパクサツ群馬,16
2014,2,36,ロアッソ熊本,17
2014,2,36,水戸ホーリーホック,18
2014,2,36,愛媛ＦＣ,19
2014,2,36,東京ヴェルディ,20
2014,2,36,カマタマーレ讃岐,21
2014,2,36,カターレ富山,22
2014,2,37,湘南ベルマーレ,1
2014,2,37,松本山雅ＦＣ,2
2014,2,37,ジュビロ磐田,3
2014,2,37,ギラヴァンツ北九州,4
2014,2,37,ジェフユナイテッド千葉,5
2014,2,37,モンテディオ山形,6
2014,2,37,大分トリニータ,7
2014,2,37,ファジアーノ岡山,8
2014,2,37,コンサドーレ札幌,9
2014,2,37,京都サンガF.C.,10
2014,2,37,横浜ＦＣ,11
2014,2,37,Ｖ・ファーレン長崎,12
2014,2,37,アビスパ福岡,13
2014,2,37,水戸ホーリーホック,14
2014,2,37,ＦＣ岐阜,15
2014,2,37,栃木ＳＣ,16
2014,2,37,愛媛ＦＣ,17
2014,2,37,ザスパクサツ群馬,18
2014,2,37,ロアッソ熊本,19
2014,2,37,東京ヴェルディ,20
2014,2,37,カマタマーレ讃岐,21
2014,2,37,カターレ富山,22
2014,2,38,湘南ベルマーレ,1
2014,2,38,松本山雅ＦＣ,2
2014,2,38,ギラヴァンツ北九州,3
2014,2,38,ジュビロ磐田,4
2014,2,38,ジェフユナイテッド千葉,5
2014,2,38,大分トリニータ,6
2014,2,38,コンサドーレ札幌,7
2014,2,38,モンテディオ山形,8
2014,2,38,ファジアーノ岡山,9
2014,2,38,京都サンガF.C.,10
2014,2,38,横浜ＦＣ,11
2014,2,38,アビスパ福岡,12
2014,2,38,Ｖ・ファーレン長崎,13
2014,2,38,ロアッソ熊本,14
2014,2,38,栃木ＳＣ,15
2014,2,38,水戸ホーリーホック,16
2014,2,38,愛媛ＦＣ,17
2014,2,38,ＦＣ岐阜,18
2014,2,38,ザスパクサツ群馬,19
2014,2,38,東京ヴェルディ,20
2014,2,38,カマタマーレ讃岐,21
2014,2,38,カターレ富山,22
2014,2,39,湘南ベルマーレ,1
2014,2,39,松本山雅ＦＣ,2
2014,2,39,ジュビロ磐田,3
2014,2,39,ギラヴァンツ北九州,4
2014,2,39,ジェフユナイテッド千葉,5
2014,2,39,大分トリニータ,6
2014,2,39,モンテディオ山形,7
2014,2,39,コンサドーレ札幌,8
2014,2,39,京都サンガF.C.,9
2014,2,39,ファジアーノ岡山,10
2014,2,39,横浜ＦＣ,11
2014,2,39,Ｖ・ファーレン長崎,12
2014,2,39,アビスパ福岡,13
2014,2,39,水戸ホーリーホック,14
2014,2,39,ロアッソ熊本,15
2014,2,39,栃木ＳＣ,16
2014,2,39,ＦＣ岐阜,17
2014,2,39,愛媛ＦＣ,18
2014,2,39,ザスパクサツ群馬,19
2014,2,39,東京ヴェルディ,20
2014,2,39,カマタマーレ讃岐,21
2014,2,39,カターレ富山,22
2014,2,40,湘南ベルマーレ,1
2014,2,40,松本山雅ＦＣ,2
2014,2,40,ジュビロ磐田,3
2014,2,40,ギラヴァンツ北九州,4
2014,2,40,ジェフユナイテッド千葉,5
2014,2,40,モンテディオ山形,6
2014,2,40,大分トリニータ,7
2014,2,40,ファジアーノ岡山,8
2014,2,40,コンサドーレ札幌,9
2014,2,40,京都サンガF.C.,10
2014,2,40,Ｖ・ファーレン長崎,11
2014,2,40,横浜ＦＣ,12
2014,2,40,ロアッソ熊本,13
2014,2,40,水戸ホーリーホック,14
2014,2,40,栃木ＳＣ,15
2014,2,40,アビスパ福岡,16
2014,2,40,ザスパクサツ群馬,17
2014,2,40,愛媛ＦＣ,18
2014,2,40,ＦＣ岐阜,19
2014,2,40,東京ヴェルディ,20
2014,2,40,カマタマーレ讃岐,21
2014,2,40,カターレ富山,22
2014,2,41,湘南ベルマーレ,1
2014,2,41,松本山雅ＦＣ,2
2014,2,41,ジュビロ磐田,3
2014,2,41,ジェフユナイテッド千葉,4
2014,2,41,ギラヴァンツ北九州,5
2014,2,41,モンテディオ山形,6
2014,2,41,大分トリニータ,7
2014,2,41,京都サンガF.C.,8
2014,2,41,コンサドーレ札幌,9
2014,2,41,ファジアーノ岡山,10
2014,2,41,栃木ＳＣ,11
2014,2,41,Ｖ・ファーレン長崎,12
2014,2,41,横浜ＦＣ,13
2014,2,41,ロアッソ熊本,14
2014,2,41,アビスパ福岡,15
2014,2,41,水戸ホーリーホック,16
2014,2,41,ＦＣ岐阜,17
2014,2,41,愛媛ＦＣ,18
2014,2,41,ザスパクサツ群馬,19
2014,2,41,東京ヴェルディ,20
2014,2,41,カマタマーレ讃岐,21
2014,2,41,カターレ富山,22
2014,2,42,湘南ベルマーレ,1
2014,2,42,松本山雅ＦＣ,2
2014,2,42,ジェフユナイテッド千葉,3
2014,2,42,ジュビロ磐田,4
2014,2,42,ギラヴァンツ北九州,5
2014,2,42,モンテディオ山形,6
2014,2,42,大分トリニータ,7
2014,2,42,ファジアーノ岡山,8
2014,2,42,京都サンガF.C.,9
2014,2,42,コンサドーレ札幌,10
2014,2,42,栃木ＳＣ,11
2014,2,42,横浜ＦＣ,11
2014,2,42,ロアッソ熊本,13
2014,2,42,Ｖ・ファーレン長崎,14
2014,2,42,アビスパ福岡,15
2014,2,42,水戸ホーリーホック,16
2014,2,42,ザスパクサツ群馬,17
2014,2,42,ＦＣ岐阜,18
2014,2,42,愛媛ＦＣ,19
2014,2,42,東京ヴェルディ,20
2014,2,42,カマタマーレ讃岐,21
2014,2,42,カターレ富山,22
